food_item,calories,protein,fat,carbohydrates,price
Fruits,86.3843134276342,29.657815868340258,0.26597468860518436,8.73279011005264,5.552792340352566
Milk,234.2923036911438,6.858127454139739,5.425303552594244,9.870878952828571,4.7252512393443205
Fruits,112.73496421653347,5.450711410644866,0.4318559696567639,0.0,2.813973793390579
Vegetables,104.11650913484876,2.339293513989732,4.017605217747628,42.73746284969718,2.859585059826022
Milk,114.1277917657689,2.245879332228532,0.8780084978120117,46.36010993446139,2.910123854876142
Vegetables,279.10689858366766,34.65289652368576,10.281043661409848,22.568692803641568,2.956102229577465
Milk,102.04726415581274,28.465922950449148,9.885344182695524,23.96418372078373,3.963102693969715
Milk,51.333305646016235,29.742672566854058,0.5678477862194845,0.0,2.9958718705086573
Milk,132.43625333257077,4.287827609769098,10.391702283878686,16.427540403492692,4.756445983804643
Fruits,237.27150090140157,5.568892072631639,0.3522735432813035,10.399045187447133,2.4061222284930923
Milk,59.44721073435845,32.340810225823105,0.9700237420805141,0.0,2.1206659293700736
Fruits,290.11380794416095,7.458833750312447,0.8890513452712205,13.58729604731586,3.2833445758907516
Rice,205.91625500519953,4.132325946591337,1.0070173581733708,22.879068210822552,2.443892993989807
Chicken,57.66831823433189,4.491645267932556,9.157679081131388,11.7149171621883,2.475164221753627
Milk,92.53926591844674,34.94693515438141,0.30016407608750284,0.0,2.2966552712186816
Milk,76.29878913015666,5.1879247117943965,4.98537511487214,9.903399002887172,2.8935293632475174
Vegetables,76.85284948769535,25.249382092944128,1.0021797854413899,42.63495612632102,5.189447052339695
Milk,241.95113774698416,6.703031113716828,0.5463237961210475,0.0,4.280126352516946
Rice,202.31998651898422,35.416658098446696,5.1281691072199065,51.005478246501575,3.3684450272532276
Chicken,116.89529559384515,26.20394024959211,0.2719182332907972,23.420575195913543,2.2887666144815473
Milk,115.1524275082345,1.6692848417422974,9.579099374923999,20.707161360662603,3.2975295588306683
Milk,116.50210498690434,5.2528007594583,0.5894228003580668,9.661551132683671,2.4716816903929892
Chicken,41.0971256414331,33.92816429213736,0.35102936208710017,20.732068875619845,3.8258419558795937
Rice,80.62314616322817,1.1776073287585533,4.709437979989383,12.50721886308961,2.9041095944168434
Rice,140.66245721907535,0.9956561665403252,10.56358137362703,53.04578709184867,1.635751776460309
Vegetables,138.3595777142793,4.647314762823211,0.35527455074526076,19.456850109360197,2.566820729682374
Vegetables,54.930067611762844,2.3459129273774946,1.0994482325827295,10.945509721593067,2.9107608248641808
Fruits,56.82024540540218,5.321880702791222,9.869699424938968,8.733909110138766,2.9289285537204055
Chicken,54.441985034380544,1.9414349774104311,1.0824563388895403,11.666424873666932,1.7946452850565853
Fruits,131.71801947130987,5.789718513766298,0.3287354139047979,10.403258224158474,2.915511200445768
Fruits,53.469793242927345,34.068697566855604,0.3545276613785758,0.0,2.2191486341111446
Fruits,264.2082561847509,0.9317350340990617,0.31704187621906554,0.0,3.873973466324624
Chicken,42.564542866968644,1.6322378082130917,9.820781860201826,0.0,2.5655926197914187
Milk,221.33133518699626,5.488327673319668,0.31422758814411916,0.0,2.7540371016177234
Fruits,120.12028156071726,4.752421263942123,11.912870258350656,11.763922169499455,2.6322426003000983
Fruits,192.33887176969532,32.24147409798924,0.4912536196167985,22.104015330232446,2.087018358127791
Vegetables,242.72090443002415,1.6138554780797856,0.3192406021105199,17.046968878197013,2.011250070928541
Chicken,89.31857091652388,24.61320544556748,10.788706938368712,13.784218089157548,2.178628006972828
Fruits,42.908318317814434,8.29614071602119,0.2891283249397884,0.0,5.335445615022728
Vegetables,40.178117337828105,4.061439714681622,0.8075780117851978,0.0,4.463562261337716
Fruits,72.78972180584066,0.9158645659407529,5.351983218770241,38.62542526724739,2.2216061530685867
Rice,50.31756198017675,2.0034565074644695,0.3461308521532452,0.0,2.712219165978124
Vegetables,101.3291831758467,0.9890789411419618,5.76495872002945,16.590253167466035,2.3396969054763184
Chicken,68.25948196606247,31.32636581714638,0.9948043099153075,40.50649486606399,2.769520318677443
Milk,118.47740303049132,1.8954013869363675,4.531774049352345,9.95335989020412,4.963505329738485
Milk,69.167923936468,8.983809913483459,9.089767329104939,11.401668024894109,3.8256472665256487
Rice,289.7218402293967,2.1567712275179107,1.0195987648337699,9.583985947259295,1.9689408235615127
Fruits,66.22928422917843,5.565598793872769,0.43876828281204794,20.24743294128949,4.392986572485363
Fruits,235.43098651692372,2.105906902666245,0.4816117330958709,0.0,3.313374077032286
Vegetables,104.19455957727403,1.1558790239544576,4.125571993263545,49.144665175294875,1.6549363712609602
Fruits,51.87262112371608,9.220228506151427,0.2925308517737133,0.0,4.56350424437306
Vegetables,42.661209014957876,2.323983686363182,0.9330545805438112,45.431238810348624,3.316759788963456
Rice,170.92740577508627,1.1574505442962293,5.113271961034655,11.778526958457235,3.442374298933576
Rice,67.5238903958185,2.306271849658051,0.3031602366017357,37.0003665370005,1.64830701371084
Chicken,56.51019384449915,24.40298400394155,10.951831418384849,11.048921271863422,4.188836843532581
Rice,70.59710911408554,0.8962494250369618,0.48282179648244994,51.87596609501178,3.373203679437676
Chicken,78.73319063731361,24.979631173486744,10.560052856555364,47.71958384434266,1.8493982942854654
Fruits,142.91046472834483,2.3781444766900797,9.513455469791783,9.370908435258851,1.9331842532426928
Fruits,46.19728231018787,2.254628408265565,4.763284357053488,13.368692785486036,5.926230449495882
Chicken,71.21431977222744,5.568389174182331,0.874853152573156,0.0,3.3226095470186454
Chicken,231.5643526328696,4.54398618663837,0.3310930625355154,0.0,4.011330690967025
Vegetables,266.65134333026697,7.186739363351021,11.141339479511455,9.022006058783564,2.7952056167160864
Rice,88.27027847674465,4.326125822461946,4.631631228406064,9.630555557186236,3.3901549315197186
Vegetables,120.95642128644857,1.8699468260099938,0.5097321320064431,0.0,2.2125096779545252
Vegetables,245.64402754447073,2.3096188085986755,0.836778213009623,22.419702696429663,2.4755785795660343
Vegetables,46.394638677842096,27.704569018148156,4.003090692007871,52.67131726630055,2.3286525740551998
Rice,45.36553244698443,25.713339283712187,8.529782783340604,51.70027786524303,3.070060481515192
Rice,74.56900697370156,1.1183137927752307,0.4224022636049107,43.05999446642881,5.045592244524353
Rice,77.54678804136955,8.940418463269005,1.133355248456513,0.0,3.1840076882856065
Milk,41.22723560625074,0.9002121840022235,11.349929404427863,0.0,2.6254115800141555
Fruits,92.64268997656868,29.115979384210558,0.27321981522394684,40.88094819031772,4.515265063307722
Vegetables,45.34371632792503,0.8780186241389897,1.0450289401801578,11.048167339691515,4.345512488892786
Fruits,89.87225055192678,5.856305486212824,8.341121053864088,40.64988500778024,3.115120905350665
Fruits,215.81941228633053,5.847145545555385,8.77250311004868,18.67258046228518,5.701002415147887
Vegetables,208.53843935040544,0.9066801465879423,0.2678475358966981,10.321109886700516,2.314860660250456
Vegetables,97.1491329459227,24.677069618697878,0.47859016530540216,0.0,3.324758264301215
Chicken,229.55933224573528,9.073086800851577,5.722328310214615,47.918018509135564,3.4589313188444493
Chicken,106.19830299281206,32.850358762668186,0.2967280603669713,45.18969909140985,3.982457235094176
Milk,64.97701965103835,0.81132366283459,0.24570131623981173,0.0,2.51450026881189
Chicken,96.67137082690678,0.9979535683838936,8.401167575724383,0.0,1.8788948154615235
Chicken,224.49819148008558,1.7017335562973241,0.43943293342908496,44.39151820630157,4.476520265208828
Chicken,58.21400977469057,5.4957086597960085,0.5073407659250908,47.08491429322747,3.6317851447101304
Vegetables,57.55178742290011,1.6284955007058761,10.123120952568001,8.729375235859232,4.164803287804416
Vegetables,160.19408586882795,2.288518342793986,5.671963988416714,11.938302349557112,3.8388490308601364
Rice,228.25712154867094,2.2923040217270416,1.077428672773378,9.954845188851042,2.2368232055600425
Chicken,43.54667168139111,28.628059710776483,8.7832658007802,16.363213705700144,4.075598468170357
Milk,83.3003591571309,7.7390208733005865,5.989611101379932,23.700234192241698,2.276575554885741
Rice,108.47280888596981,1.6506341986675916,0.2756611271689171,0.0,3.4594905578659074
Vegetables,291.85655899047595,1.1032547384765827,4.997301707296816,21.1116369756988,4.498859137896747
Vegetables,96.59469748699792,2.3632669841531553,1.0311658438893274,43.31413370205144,3.748083867189764
Milk,77.88943603924432,1.6124980724682434,0.45500949425406034,17.301229462401622,3.0438916890991377
Rice,235.9238616234404,1.7655120007986722,0.33920042168434944,46.498574993887544,2.457955802153949
Rice,239.5315819303727,2.1512789004067847,0.2745237576097106,9.931822827754637,3.3468913769336295
Vegetables,56.89743565379336,6.54605243405644,8.923535182400625,0.0,3.2484092560946483
Milk,195.10377597190185,8.02236709084434,5.2112242833838405,10.403092125928413,1.9077699514681867
Chicken,109.29576296044974,27.357629768134878,0.3057549343783134,42.98885407482167,2.1469272778484987
Rice,41.30113688375751,4.377017249313447,1.123530758346821,0.0,2.327743947798798
Fruits,76.00900362801556,1.9729210033220483,0.8287322435193412,13.243969697562989,1.74890179730161
Chicken,220.10799446610804,33.32854093303203,0.3591937566291517,20.589825490935127,3.2367051167947514
Rice,227.93880118203327,1.9350173669384727,4.132306039538401,18.77897300971789,2.4536762310243176
Chicken,204.89951143892378,0.8314451781585002,1.0596626972581062,11.280542642350671,5.321596405518561
Rice,218.10805819001956,1.0728244567568335,11.638218968757261,17.95515206977878,5.019496765461579
Vegetables,239.53274515936835,2.094397806292548,4.173150626320395,10.810356729452636,5.416559998637945
Milk,206.07782802280363,28.355522772870994,1.0167958554152476,0.0,4.154327306240345
Rice,119.63358975635373,24.3396887883145,0.588610490956923,0.0,4.160918936760279
Rice,91.33419541588597,4.513395800957395,0.4341828639268456,0.0,3.287320235455133
Rice,231.94898482553174,2.2437645919525933,0.32737079710109285,8.692987822663422,4.5338802975292865
Vegetables,129.14323526372897,0.8988731920022607,1.1202772596270216,12.537928194814615,1.6587545761339175
Fruits,200.65207236599417,25.681265935193302,0.4187367255069348,0.0,3.4889289427464236
Fruits,213.3092725904191,25.025772868963276,1.1032426433787084,16.011571193732262,2.0001730314362067
Fruits,184.10780385124238,2.142113902009168,1.190782924574393,0.0,3.3746281545292507
Chicken,284.67193802399885,0.9946736880778194,5.073157328793016,16.260924819497586,3.7633328339354426
Chicken,100.67972089710567,0.9992132277137207,4.029179646729547,14.246344832632492,2.781853594233227
Fruits,88.77032009816908,5.383110514095479,0.5227244352728182,10.916355382436171,4.23376477661127
Milk,237.98146432281015,8.024902648096933,0.29664172517495874,0.0,2.7381090862981816
Milk,224.69769351376178,5.497378300586586,5.148454014698397,19.987482042921535,2.925098352637822
Fruits,183.02702313902216,4.965747721928976,0.9071625674135291,0.0,5.393356337232188
Rice,200.82571797753997,26.663774231918655,10.01059933663001,0.0,2.6644970708135567
Fruits,284.3881053352225,1.192707405899442,9.192852965313955,10.13686451277277,3.434753260143624
Rice,71.22451680891916,2.0930811494448642,0.42757427477140886,19.634815245214032,2.0550185593205574
Chicken,220.23822478446272,7.696855019044497,10.65864241485541,0.0,2.6501330494289874
Rice,66.00171365636115,0.9853841896730284,5.2882328214546455,38.72818252195241,1.7255703713715769
Vegetables,223.97589356632164,8.084451971082842,0.3006318310526433,0.0,3.4134349894555966
Rice,210.03270764114066,33.45726130076332,0.4643337440378631,44.4875457018933,4.456155780615482
Vegetables,176.9925100410886,29.07854426032943,0.46598311537798653,38.25076515504829,3.2674395701855126
Rice,118.98043500121439,1.9781865862470704,0.5201194497187211,50.806022493249756,3.2064254055026584
Milk,135.60759403409753,7.486330524568309,0.3243899887019886,10.143359977523975,3.061515311091042
Milk,224.81571670216752,1.8985847487014809,4.213419102821502,13.348516825290256,2.254874892811671
Milk,86.89698236010095,4.053971117010792,0.909411407697774,16.876513583106703,2.041640020516508
Chicken,53.9430905002104,2.0512007774476797,0.3349429318194312,38.33852291361827,4.957542327487473
Fruits,205.90714338246897,5.031293667735732,0.9452085872623769,0.0,2.9689961692132067
Vegetables,74.44083879753437,1.6706424924103462,0.42802044734504513,8.960403739962844,3.501239165646556
Vegetables,73.85713656207376,0.9960049001085645,4.1484988738598005,10.171893865197177,2.530440564591787
Fruits,186.4138084892915,33.87703755529989,5.037964425127198,0.0,3.2635345666279103
Fruits,96.40298506739224,0.8752347513469265,0.5075959643251139,42.67934317470723,1.612753547434865
Rice,68.45631701001274,0.8075591920903966,5.172636758834356,0.0,2.5171437668105754
Vegetables,81.34895924718319,35.06016902551002,4.483533571164752,14.033268811281465,3.036858163816925
Rice,55.55249956656287,5.477790523470015,1.013605975641257,9.839109059668534,2.1201495857694668
Rice,52.086070671805594,0.9833482746529985,0.8268287326942936,20.31753631370652,2.421632462511119
Vegetables,94.61243971534924,2.2485111832158444,0.5424026064278223,52.007843562325036,2.0521699125779325
Chicken,188.15334800246387,30.943910940991643,11.917581310712514,12.30853190460308,4.709560259193128
Rice,259.1225721502989,5.9508989008350515,10.123884426170385,12.108200052834214,5.243354815362292
Milk,137.10558307980077,4.669277054025304,1.1503052270048197,0.0,4.501583698955544
Chicken,86.58728969990011,5.038663935363335,0.4316720409998312,9.020847924707354,2.1480508541566157
Fruits,66.97145287346943,1.1883357664460408,0.8528676092237699,37.021080387917614,4.109859793611778
Rice,46.523804901544146,8.62615114605461,8.068372639633598,9.093067531479372,3.9444757989601333
Rice,46.20494041901866,2.323780325916797,0.41645626040135886,9.377257367246175,2.60763309175545
Fruits,57.280305434427305,4.707374230990339,0.26322152813808053,8.452758343726506,2.207388007704094
Milk,92.497227902417,1.863126875832029,0.2809941972380141,9.57631204986942,2.9940308324376286
Milk,53.218104207162796,1.1433863157496367,0.3265678930474761,0.0,3.0292808821848567
Vegetables,115.50968799565595,8.72056980266099,0.5444258482026499,20.811902014923568,4.6365219033141685
Milk,283.0009325457288,9.156336045446043,10.958090023978249,16.465703634029797,2.554061191740758
Milk,239.71590758034094,7.758351544005986,1.136890806513232,49.882691958350925,2.9603043944340706
Fruits,65.99982244591901,1.7939279305722968,0.49301968704981597,22.668892709059993,3.354914260156717
Fruits,196.31157604864376,1.0225584382063628,0.3431314953275013,8.07506195755708,5.805983148258345
Rice,224.12313469993043,4.701285544372016,0.9658714623719523,44.876987695439695,4.816102242427604
Fruits,254.8698043514239,2.329701608996836,4.4739512156437975,10.54489538003688,4.960005756860323
Chicken,40.61200368353213,27.46690307791044,0.3548277303615607,10.574962428266549,1.6765819646638338
Rice,123.54465505591027,4.516495006593394,9.334057436560698,39.97778359497776,4.622519407365639
Vegetables,49.36899572101152,0.842927991775684,0.5266422772962179,11.301668633658139,3.2008877573022136
Vegetables,269.7232441797404,0.9565327228573083,0.5695991542187118,8.621212752041025,3.9694855340295194
Vegetables,161.84185725683767,5.500131662280897,8.795281527093298,11.945616598843554,4.472528923166131
Fruits,228.20001967675094,33.924818794443404,9.100301431960059,21.496520199385326,2.0445358040535044
Rice,196.2505001079873,7.3290066987745695,5.01163688507868,10.512836136361956,4.0861276893581735
Vegetables,113.3032641973083,30.89752039350959,1.0273709504021153,10.1880368067205,2.314258154346171
Rice,101.54925021621621,1.0715590185055994,5.487072130750495,16.702274056790817,5.824108873836447
Rice,107.53393190750569,1.7483794303979148,1.1621093167736742,9.836591365739539,2.1052623607429837
Fruits,215.32928254169443,1.6890413645703757,1.1207939957572566,0.0,3.83512835634037
Fruits,47.7481443075302,8.574302093679288,4.286505205943357,20.790070878796243,4.807626979147205
Milk,131.63553151453382,1.8068073633753627,0.8590681981601174,45.35805171562491,2.9175175558021085
Fruits,45.06217933046061,4.139711920307993,0.26206450388359775,17.074197454906034,1.8839718739401885
Milk,47.92996464556991,32.181687142721586,5.764372744846867,38.49768658325475,2.440836673692396
Chicken,232.51887980111752,0.8426806625978953,0.8434728430310492,46.38429769599906,2.61424717231631
Chicken,189.09301070152057,6.978272333714069,0.4809501142666433,53.264000573120796,3.4099478560213385
Rice,129.80674026020026,24.169507610295884,0.2493987911320404,8.181831328445009,2.491102863417031
Vegetables,222.50756750013502,1.138493486707045,0.4375042164729626,11.163443946915624,1.7718427041257332
Chicken,215.01952492325333,0.9474556493387508,0.2726724308611045,13.374101362418052,4.273625774960702
Rice,67.25323572129405,0.8822290398062725,10.270866626688097,0.0,4.721420254395384
Milk,49.73798214103406,6.919729126889448,0.8456255089844356,12.886620114198418,2.5769066920610912
Milk,69.53817336871298,8.890919337015344,0.5322912115867011,46.72636684273064,4.112309601421287
Milk,214.37697782825177,4.911456142482732,0.4465215360736375,0.0,3.012799539703831
Chicken,96.5083826213597,2.3948587984143423,5.122547092087659,19.576289956334566,3.101189935373349
Rice,111.02350421371922,5.492324078292303,0.49862997602348136,0.0,3.0549205618844777
Chicken,230.79199881260087,5.138802033369505,0.26275791610902016,10.232029584204145,3.2211196801753603
Chicken,55.67193072743268,2.106273920157146,0.28503219909259153,21.24192275530004,1.9347367145491114
Fruits,243.13472105650257,4.484687307800182,0.8235768347138872,37.75455210206293,2.6696680205680776
Chicken,91.86776586846813,8.276620670934154,8.197933862590126,10.198228683443453,4.510599514288661
Fruits,114.10281735959529,32.394915550575995,0.8678994012922463,8.320477817228046,3.4226810568887354
Rice,67.70203739109562,0.9203898857433203,0.5645453597608303,11.96055974828186,3.109419414155476
Rice,101.70310699388317,2.2624422459439044,0.3302748471258105,10.67368141411896,2.9843224421897583
Vegetables,211.6207813856115,27.862631197700097,10.97527738966255,9.813985842078134,2.4900747438780457
Chicken,77.64413641079891,1.9025282109460868,9.191575924021823,9.700777953002333,4.852915627551402
Vegetables,65.83531408837774,9.59042573226635,0.9091008534826434,20.47906635104791,3.9312794414318306
Milk,209.47429050377514,4.76553669991013,0.4514016649665216,20.688320454431214,2.765748545502286
Vegetables,41.71586558333793,8.37641990839553,0.2824426750305356,10.071182553981666,3.3083113199923124
Vegetables,164.58438471533043,5.99723806412128,0.5570589380628226,10.94657259954694,3.3242049812939243
Vegetables,87.51314843524838,1.7731944327533575,11.06704417277803,13.765392757477542,4.034506404660585
Chicken,93.4981306607442,1.9567430096004788,0.330599572526921,22.192679949540643,4.452763186161517
Milk,266.5952670983537,0.8040244464473122,0.5589363010034866,0.0,1.754798910689972
Fruits,200.88122374811985,0.8128005822493644,1.0960538968756504,16.389137864817954,2.678530736136617
Vegetables,105.43969863567372,2.320537253039531,9.586526246549143,8.516711433920136,2.074625677101347
Vegetables,46.78785602866564,8.126139153358402,0.8573413618159454,38.6009125802844,2.5429938407884753
Vegetables,162.50828330805643,0.8788209677220062,0.8518762718976216,8.89647602101515,2.244678542606899
Rice,59.852280323217045,5.603607856895576,0.3245792686156312,48.17238686570543,5.736832716730702
Rice,92.81485272120318,5.138049302926015,0.9944086072977206,0.0,3.2963233058739387
Fruits,184.36086692099164,32.354144861977176,0.29234688472525916,40.935770700851954,4.541950257892645
Fruits,141.00650211665558,1.9889488691931887,0.4109803503402706,38.10056867084786,4.99294479172033
Chicken,71.43300098532282,0.9342290474578581,1.0523024440107323,0.0,3.4108866087957956
Milk,51.039862927868604,9.358868482948033,1.1302347725540236,21.672712360901656,2.182649284765836
Vegetables,58.85191378552004,4.212753903321596,0.3203052470034589,50.09421309840655,3.2942401761344
Vegetables,142.07883251508744,5.865009560585172,0.5181432640893778,0.0,4.1733708496058615
Rice,106.23282416313164,5.617592876369246,5.486681441236819,21.082825853428893,2.646814089139632
Milk,254.7219977833789,6.73713728956074,0.2857637374112148,8.408298632360712,5.304029691816651
Milk,223.5355196118092,25.525930917747864,0.8809532637959445,10.471714021959071,2.9848870935466154
Chicken,51.80783104147281,0.8908405866271786,1.0901243408312857,49.27817760006705,4.716751114168688
Milk,215.1778983635113,7.525426079759049,0.3375166799141996,12.114341193216639,3.088210215710995
Milk,189.09911971791257,9.18027983743817,5.543545683278724,23.006948940830434,2.9100048207436897
Vegetables,66.03481160389721,27.171523772060972,0.29337245251709165,0.0,3.1723094277770736
Fruits,101.4882685101357,4.57565426789334,0.8619559235351222,45.97324210906933,3.2160383304719367
Fruits,209.187699345022,1.130224488383266,0.3538501537910756,0.0,4.08243428132606
Chicken,69.15500329987887,2.3480015325979533,5.278180874001012,9.47137566392827,4.614807495821054
Rice,219.66207913835825,9.261182258909308,0.9790961384882689,20.598717489695698,3.5685584282053706
Rice,51.09668826105423,2.38360187697136,9.59073343629631,10.072835859628373,3.4755913977243917
Fruits,41.45749208487387,2.1447076920144124,9.670998348120044,10.120872790937916,1.6762570238929522
Fruits,88.88598698180859,7.757808180643968,0.4167468374632839,18.322550616338294,5.340221910574651
Rice,123.51654129697357,28.579481118286875,4.539187013172407,49.07911186419539,3.5646267180749116
Rice,102.05976660777651,29.516221140628403,4.316007149607367,10.771716885612413,4.123609236196069
Milk,209.9143167352838,33.07614125920581,0.5425251753707496,19.605109882132183,3.5407623324947792
Fruits,298.8659331600835,4.707506779296545,9.895895539782897,11.133774176305502,3.346307528429096
Vegetables,71.654491089864,5.803814600243898,9.00539952619498,21.93834830531923,3.4067010710918844
Vegetables,120.31938709020902,5.856320795406633,4.918332043987793,10.76659787455935,3.111150202358938
Rice,47.94573254366749,8.999806342906513,0.356823491113779,18.698542997738702,2.8682795750751877
Rice,195.9996257231102,1.1088960334400828,1.0130811226568421,10.127765501762518,2.602031787578407
Chicken,50.634983434856565,33.30177582413891,0.839925224314782,18.23735050555755,4.238047720505315
Milk,120.76663437545783,28.997005698310417,1.1563164733002533,13.323440317719914,1.642685313734134
Fruits,45.75259352711565,6.554421011310333,0.4680085565370594,0.0,5.017947561284384
Rice,275.0147861899354,5.147968685028411,4.287442891576831,11.924933025824938,1.9254933275823412
Chicken,76.18779035965467,2.047852558859745,10.624721611661059,9.27449202237938,1.7425264776319387
Chicken,123.78289494531892,9.22746630222855,0.4703062830981652,0.0,1.7384133307596663
Fruits,106.89717236838506,2.2710046866798335,5.703400015734147,10.486037248690883,5.333060046669289
Vegetables,72.3616205638423,0.9073101611954058,0.46981542457010095,0.0,2.3890680244371647
Milk,45.676250640550876,5.605632613837209,0.29560689253392414,11.686858035148152,2.2103300221653526
Chicken,44.79399188212259,1.0692744556408984,0.8361133315153496,9.82371248620793,3.5502928942973773
Fruits,117.52132809630463,4.824129066852699,0.4597310322872704,0.0,4.068935764408888
Rice,224.10070560006483,28.53400897479589,0.4176645510387862,9.239017859175528,1.9452548014625142
Chicken,214.28837751954907,33.11242641644401,0.42882933379476684,11.908565045784199,3.077800917882686
Chicken,88.87622157969226,1.7631518926856173,0.5039913890912294,17.260840529814562,4.792978284058675
Rice,286.7691726195012,7.8166188069806175,11.47183085630691,13.903344818436722,5.46981569284031
Vegetables,217.6785338767209,6.768909231407011,0.33079253358080213,8.494162752120062,5.359118866835719
Vegetables,49.00443561952139,0.9378721151232433,1.1581892105438802,20.224500272137984,4.356448712643009
Vegetables,57.92520003678351,8.5749203811942,1.1770912621332794,0.0,3.330548482782902
Vegetables,59.254758760678975,4.453348842525953,0.28411783084420134,23.553693898744275,2.9591303023407844
Chicken,296.28564234652555,2.030043753343397,0.2475000413335745,37.83858666105988,3.1013651131306235
Milk,258.6030400869185,5.297692916826198,0.2878238443602229,18.330303983339267,3.3385314489356888
Rice,132.81002020701692,1.845366687107319,0.45203318109432583,0.0,4.538574806765073
Chicken,213.584356629857,0.990697027026875,0.40576520823779155,11.282247329146331,1.7481057741061314
Chicken,101.25103658384842,2.2921313505437544,0.2755975714262779,10.86852258951694,2.334649426670308
Vegetables,140.62151236069298,1.6758210578750874,0.24766249402835946,11.871265081398512,3.461708045145282
Rice,54.551645362117625,5.852719905044836,0.3473071374651414,20.343466229475847,2.0017168696318897
Vegetables,196.11523541921403,5.679054676655215,0.5671645581027045,48.1997224239036,2.5882366170868933
Rice,107.27552393994358,35.10820084221447,0.34335599415428725,0.0,2.6620606892366854
Milk,64.52165021420524,2.168387102002874,0.5342370313565581,21.14950797645497,3.879431102161305
Chicken,81.22654085574399,1.1407845221014181,0.2576519869184458,11.605405719696936,1.6958222527836353
Rice,130.28237355531792,8.260550536945253,0.3362221018538692,20.7239856543527,2.9758440175124035
Fruits,244.0040229867156,1.1429829975968497,0.9906478360730143,14.200093950189821,3.289641759098216
Milk,211.0634350810938,5.355228859031271,4.393659858055413,9.964831021796918,5.9369049683648845
Fruits,79.41887419551794,5.026610179500189,0.2698109038736028,0.0,3.102070184692553
Rice,287.1494881108624,9.460824889782753,10.89492058558215,0.0,3.401276892736455
Milk,186.77341676598726,5.203897674999592,0.2414139145271276,53.29720364446235,3.0426299894642064
Chicken,125.43196242007684,31.005415172543287,10.239093251863288,0.0,3.38070793015423
Fruits,258.2801640523905,2.189013899777199,5.054423773025027,10.955617327276915,2.6862666485260203
Milk,178.49797859170255,27.099689997219713,1.1586035345236199,9.211794812753258,3.189137139650111
Rice,104.13589156941279,1.0950888691273313,0.2926847130138867,10.989841331916793,1.8776807652297782
Milk,56.49785110285439,4.5278695111776885,1.0873661822257583,11.643880950052326,5.845986402708984
Chicken,67.50554194398123,2.0335462402503084,0.47909915870063935,11.800108480551959,3.4713349080245006
Fruits,231.59328730304765,4.305736150381483,0.27409079726800367,19.892815576033446,1.742380540754099
Fruits,57.84458199541569,8.276504989798342,1.1755614274749182,9.799393395048341,4.004287482480971
Chicken,123.8806596123894,1.911653339907503,0.30656293189032474,0.0,2.498753052039506
Rice,189.85857403374794,7.593158214618021,0.4023607087010737,10.701869989609868,3.0212636448479158
Rice,201.33855160672937,5.831435506557156,1.1424084354386634,10.651217502184489,4.641182321330984
Fruits,43.72814757549906,4.449736635113639,0.5333418363634657,46.135504521134195,3.472998031469144
Vegetables,102.31259305142012,33.34263945587381,0.904795359208855,17.06066049502262,3.285169860734881
Milk,297.82318116285336,7.080836625082177,0.8608937810514173,17.781104094028212,1.9984988578689655
Rice,46.157273011624255,6.425033201583912,1.1938114879384463,19.633598809689612,1.6589737113739411
Milk,126.87329361890048,5.507954827605853,5.556653064172176,20.81819904784174,3.308142706938563
Vegetables,88.28939576626901,2.0259387778590576,0.5542132105968063,10.879636016764556,1.7889173385085646
Vegetables,273.003824405214,25.8169151875891,4.990276269081501,43.27019442933055,2.9359422094889176
Rice,140.51858511630323,1.1450981740017125,1.0057135501246781,19.380320884575386,3.3750001813533803
Vegetables,131.83437429038918,8.07750875010704,1.0556756414776063,12.483624158500595,5.197934291067274
Chicken,288.6804260545647,29.814292403899763,0.5304390531374917,39.920104469546985,1.7676164850513503
Fruits,91.36321912735352,4.079158233778796,9.826986313184594,42.042223978952634,5.181357642340137
Vegetables,44.185741582319274,0.8610166492550367,0.532536609646714,0.0,1.7881503663143872
Chicken,76.6195898853904,9.01779615137482,5.302634178579771,14.217935475906287,2.796226073958208
Chicken,52.8712121581632,8.773023286158606,1.141751943119425,11.425651370158338,4.85434429609644
Fruits,57.894974203990365,4.083719938530587,4.455573513311123,0.0,1.9841166257723981
Chicken,183.1957557661017,4.927806807227268,0.33716430629202426,10.573549542036773,3.084022295258217
Vegetables,54.0375896062275,2.2107088210966115,0.5564564201059669,13.689004761780613,3.5145972107342947
Fruits,131.6542671778658,35.8004327585007,0.531038128087969,12.33714789775824,2.615573572655899
Rice,168.93865051255713,25.725203853910976,4.095809141080845,52.34654662839938,4.796823153808424
Vegetables,174.20088014187917,0.8363836848299147,4.222746041330437,0.0,4.153935436709797
Chicken,215.03163738807993,8.17953774934495,0.3545089335978684,10.159674580002218,2.1798526042102138
Chicken,42.536120436149474,33.285689024763826,0.8076493301776221,10.216744394604225,2.4276963617938594
Vegetables,109.80064697555427,4.799286056965316,0.5566930181922704,0.0,2.290868772117207
Rice,81.8953292245354,8.38680429990865,0.3084337918038958,46.19802298332278,4.064052249517742
Rice,185.0199215416429,5.918852915179773,0.29635557285907,20.479588126646483,3.794195301872425
Fruits,120.2332572433004,33.02893909360882,0.44594503730684837,11.171651201619099,4.424519850123952
Chicken,140.49436118011906,24.786028854443337,0.9137489490449269,45.92630805221345,4.393397383902508
Rice,106.41132558744398,25.17672857473679,0.4139931528612917,11.782669040073923,3.1380470693484126
Vegetables,83.65967100938542,1.0791733051366037,9.470680875884065,48.51640770121842,3.1711592684219516
Milk,59.739201011502715,32.87938051842466,0.5977834656405969,44.26438652606863,5.0175357371251454
Rice,43.82179286042669,5.0229930402502685,0.9554716081045461,0.0,2.3835500642895804
Chicken,280.34604776334675,1.6668203903092438,5.044569668477505,22.667604534641512,3.3566772249451526
Milk,75.78129159449833,0.9140564495014144,0.8727079008324586,0.0,3.692623253063286
Fruits,105.3002994929051,6.735563988975817,0.5134622292493048,38.52707114792775,2.8849615935087978
Fruits,201.58250541514198,1.1755075732151017,8.997274653193264,11.141486466745704,3.1173671958227027
Milk,208.55100682732285,34.30614576515051,0.9678095501112378,14.093386070393933,5.535399946559339
Rice,98.75817351749517,0.9509099754364089,0.3321993009094158,43.39857138819649,4.386872215138161
Milk,265.0123118813698,33.88914811341216,4.529957956430424,42.503303200930084,3.1408429019557045
Vegetables,59.186122561217545,0.8754289576862179,5.204653297401016,8.190175580410513,2.0923946628007073
Rice,123.87844487039565,2.023568822805555,4.436697159609195,13.802689334087784,4.4476639934386
Milk,49.79202123187005,7.6975489708404785,0.8701971949045976,0.0,4.710985214603794
Rice,139.92606417692792,2.379780655723448,11.109015308271806,42.15574333625639,4.6401381384324845
Chicken,41.26357632853353,2.3728651938566747,9.310723152960788,8.329536920688819,3.448955659643352
Milk,217.92648789382395,1.6185829933413773,1.1693877877310794,0.0,3.223643325936274
Milk,84.89651204200264,1.6957205462771467,0.5717601095373781,19.215733601673733,4.161882803003918
Chicken,89.37685780225353,1.741019661538589,4.379331263116422,19.194593401408493,1.7390459753282013
Milk,275.2518979071043,1.6949233541334225,0.556643706612288,0.0,3.355587216883522
Milk,163.49179749600668,1.977398255550039,0.9221557150450862,12.7637514826797,3.0712273028410992
Fruits,71.84442926027901,32.48956261783713,9.664074660209002,0.0,5.9170146620468085
Chicken,51.84855781350151,2.206780149956091,0.5279979310655423,18.55166880181288,2.8222528284721538
Fruits,73.33053668280883,2.3078176605903593,4.0526678542343095,12.960760332687414,1.6789800781446267
Chicken,175.96618861951475,32.057483886069114,11.32279460982052,0.0,3.846935289796641
Vegetables,238.84119048969347,7.72657679083577,0.42438458181732025,17.11935196271079,4.120245734390975
Vegetables,93.67181437136475,4.500113469610105,10.64053689530609,0.0,3.069497645622103
Fruits,286.85006902837335,7.161263982621159,0.5470723255317289,10.901541782297663,4.6495578360707475
Rice,78.55342651830713,0.8011893767426516,9.124879714655004,0.0,3.2057709056241057
Fruits,80.40308862155173,2.3063585093239274,4.245740148629726,23.43023663445883,1.8264320336537327
Vegetables,54.3356832041757,8.78328922137132,10.216161011920503,52.4743082196475,2.0675523986489086
Rice,45.074074548348605,35.78845723373837,5.644260926397314,11.135609267435722,5.127292292177956
Rice,173.30811796378248,6.412923357779185,9.051023087977137,0.0,1.8217636091424094
Chicken,116.34070428499457,25.058268811502458,0.5729415654035619,40.22445719404387,4.497036646963535
Rice,71.81880370104321,7.857326476603789,1.1611302222444648,20.159732021257636,1.910267865743007
Fruits,106.24699183629723,7.546946620870494,1.1311421529617598,42.512746448693555,5.27022525662439
Vegetables,277.0155122633895,2.3767214973301267,0.29860026271785184,16.03062538477103,3.0967998459447106
Chicken,99.40565683360938,24.467262111346777,0.408142639937038,0.0,3.1328201564058995
Vegetables,77.79673927615383,1.694310169232824,0.28240304110046344,9.919766657635472,3.689760045396312
Vegetables,94.22864221573646,5.27731159518032,8.788546531338149,10.263719135960333,5.80128677512729
Rice,113.5886565757009,5.617540353323092,0.9396419721366086,10.783624998004754,2.599046404034132
Vegetables,54.406529487891916,8.678167281646324,0.9656267583124991,13.435060693922232,3.3791305357578225
Vegetables,184.25813679842128,0.9185267078787502,0.5655952103924232,16.569754500192314,3.250542209052311
Milk,74.33460797417014,2.34173533809463,0.2844228057755578,14.359394669343734,4.290292561801928
Milk,64.28063580404373,24.66762959166034,0.47091055153208455,18.3457710649867,3.592341765230844
Milk,72.96981889714077,9.064489172861894,4.349832045274115,12.933538360138158,5.780722349248082
Vegetables,256.5309031610493,0.8833281439004433,4.682516782037812,20.619671410518464,1.60622369723521
Fruits,93.30387152084263,9.08712679659508,0.3483791689946234,20.217786302964242,2.832621364002082
Fruits,77.83022290035288,2.1322765679733364,5.726895839122199,13.217749282387965,2.560472116559102
Chicken,52.604846222851776,33.49175859527366,5.810570685698771,8.909674480662217,3.6723211565533695
Chicken,78.13094953550369,34.63126808178036,0.5710837416267025,18.2271187393711,3.4513376650107084
Vegetables,73.89833963902801,2.024947111021985,11.593417417480559,47.65442856868811,4.688452749393749
Rice,104.62587352730868,1.0071972839309042,11.724329502941481,48.62922520745778,4.349229926206368
Fruits,68.02354774700044,32.654519468630596,5.354695174862688,38.062859790272526,4.300068207731014
Chicken,92.86285812424151,2.2494270822481224,8.118867169801183,19.30236533142378,4.7831338142461135
Vegetables,70.71950349776868,8.697958826467342,0.3396098302059592,11.33124724681548,2.146314782948373
Chicken,47.09238949124277,5.249024142603481,10.242761605835874,44.02763798776816,2.9222236489302382
Rice,240.24151322003192,4.844247565151935,5.305187861366907,0.0,4.7987494853907515
Fruits,57.788249285873505,2.3061014262182,1.0747414036836216,0.0,2.882813461579766
Fruits,42.860835271862115,1.1417919979138145,0.3367979827764945,18.356746637026436,2.821170326073503
Milk,68.90242161129034,6.716217392155112,0.40407108473792364,23.959287583479465,3.9982959755444214
Chicken,294.63967670057167,2.0915494380293405,0.3569000054099656,46.32813296371191,5.44484521232778
Rice,56.5824400379881,0.9789949974291547,0.2962810379427218,20.161214064936203,3.3046162415856135
Chicken,183.10476060765345,30.351058861787592,9.38223046339391,36.83442920657464,2.1148246305821874
Chicken,263.39589761315113,5.804832021559092,0.581981578689127,52.96824619132599,2.066446950178288
Milk,53.778753202778915,30.122701985619447,0.4458308938305455,0.0,3.3591841257180945
Milk,89.87172928209561,4.615077812300024,0.9097162154796854,16.794165777385718,2.3259348394824073
Rice,176.05858173547728,0.910314220007668,0.8027188178560618,10.8726318418276,4.617280989918572
Milk,109.17922226282826,5.958769303670333,1.1155897859282033,8.292867714093653,5.833980256078981
Fruits,41.81217145388869,0.8873812803940714,0.9232615725806622,0.0,3.068605484143074
Rice,69.43667534929367,24.89070791450683,0.31374493500456235,0.0,3.9072997040427877
Milk,45.554802052797356,2.045836038570091,4.5891473372013465,40.92392282707703,3.4456240555532243
Milk,100.2069557500807,2.077349392613692,0.4603199670817133,10.59877109721871,2.228939899712581
Vegetables,56.761088105591675,2.232367938795804,0.5388100401466991,20.330090177691194,4.207817997661268
Rice,226.9287991260475,9.108158621001078,0.2607306212725615,11.370264313137087,2.997510662100561
Chicken,120.41196625263854,2.208396823895279,1.1906792959646246,45.08210668179571,2.225130879580945
Rice,85.24604555862885,5.700797335937308,9.141311918603597,11.124363434645524,2.2925164604654027
Milk,136.18588936573133,4.564053778113996,0.3577577594003834,42.11986395768509,3.4940967411839514
Milk,104.76094620550917,33.30845568292365,0.29824980924354816,9.926755653299663,1.6056898604882561
Vegetables,129.11943176062957,5.893848436052595,5.682477720838303,0.0,3.4893705510194835
Fruits,59.90401614380516,8.133878209090923,0.2974690706581457,52.87952065372652,2.1317563861211974
Milk,50.58349636248385,5.163593224464029,0.27462002815625053,37.9261866650715,2.200974735907887
Milk,214.73646585161686,1.095212550857858,1.0490442624495595,10.21124732628083,5.915454971423317
Milk,182.0815709638322,2.297131525266405,0.3375088557979709,37.835402330113126,4.053666392461241
Vegetables,173.43200888806797,4.18128957639736,0.8488340880754589,0.0,2.660039886068936
Milk,41.96830235934429,2.3253611916840606,0.997479250652764,21.461804257541566,2.026402593593724
Vegetables,258.38528358949264,1.865189152344476,0.5002016279312058,47.033734042386534,2.150567674572749
Rice,53.875804741831914,0.9973544328662973,11.162325329452914,21.542196545944154,2.576119150894981
Chicken,289.5390218495025,1.183387086671226,0.5935095848765932,10.546453050232337,3.323687857683694
Rice,209.47665526432345,32.49481926010115,0.33851275939993464,0.0,3.548314674286271
Chicken,216.70508151638356,1.7269869744845994,0.5070797844127017,47.59569785065959,1.9155927481816208
Milk,121.86918697558897,1.042782538690595,0.2907062130177319,19.298702733108335,2.2914548677683286
Vegetables,79.15275924490598,24.282080270199092,0.45079092754669386,17.40953404045029,2.0860961947185213
Vegetables,80.88766846751707,8.07452723485749,5.274450920409535,37.490586905272785,2.252941103308074
Rice,41.81032016146344,7.216765517235367,0.5736890041466998,11.199015531024749,2.148933533299007
Vegetables,81.49012819606655,5.25883038826155,0.4709309635461553,16.522966964530692,4.367418042814813
Vegetables,117.79866811945749,1.007764309748979,4.486109834176851,9.25512210507894,5.5075859076771225
Vegetables,107.8505789647548,34.04316697298196,8.929393708626192,18.234967001893217,3.4176430017978294
Rice,129.35555573920638,34.28640777904725,0.5213016772434644,9.663871775222567,2.6020848438240356
Vegetables,176.1435037892144,2.3762728878258366,0.43513549531673723,11.98038078489188,5.490848284546104
Milk,115.98393460213785,9.183765634587681,5.804005526288614,19.857953381012358,4.773619651838887
Vegetables,92.575400687655,2.374444027404863,11.58169012236026,9.83487740598923,2.8629190803773428
Milk,76.8692959908388,6.81792803402526,0.43618733000656845,17.357563245492123,3.7394391747770976
Vegetables,238.79736197332386,8.306966996964162,0.528157756912349,11.075363596970583,2.9395201108584605
Vegetables,196.67745970296636,1.0849313472552509,10.764985056279013,42.45479166497251,3.4349764353395296
Milk,86.12022122085645,1.1681445185637325,5.9060780303894855,8.951034112586608,2.3910613045242477
Vegetables,86.65718021326768,5.52540522073463,4.0354730955320495,0.0,2.542630284144855
Milk,161.59313676488932,6.579025547291743,0.45136663131169685,0.0,4.737741226761699
Fruits,69.10772422413287,6.680079739553598,0.8536941482809712,11.98234574763665,4.129375397096444
Rice,176.95435226417376,2.3176983251125582,4.268671480507163,44.357123303499456,1.9528711180399634
Rice,50.25945169391562,1.705854167385629,0.3184044191472863,53.94636981538357,2.789279146914651
Chicken,236.4925774725747,1.8372578315793828,9.42526325506973,22.332725363599657,2.0830196898145603
Vegetables,249.19652090528257,0.9799517037717584,9.750747854672246,16.68628327460101,2.636400260254192
Fruits,207.42696759498747,32.024285803372095,0.5307703721097641,0.0,3.037345779751486
Fruits,92.99788105777824,0.8691372870160519,0.2554709983149805,9.374614130822005,4.2441450727737795
Vegetables,46.88195460961685,8.61377929749232,0.5573609769734502,23.324324543564785,5.337851781654397
Chicken,53.45978169605756,5.654082830965094,8.508710424179544,11.129544536402783,3.1803853785687424
Fruits,52.78902500461549,8.810776889088512,1.1514302683597246,16.680699938978762,2.861107209599504
Vegetables,53.36068185420809,2.155855564703642,5.005710636169135,19.71838857899997,2.039945614208513
Chicken,43.0955479352343,2.3093693297085283,5.790550264813956,11.44298479037686,4.336149614698345
Fruits,51.66870062613699,24.754717728853382,5.9165396227663924,0.0,3.6830362991173984
Fruits,92.65451314899886,9.582521195836524,0.5404801184365444,11.442789692613397,2.0961554802721216
Milk,211.86536813287518,26.035955318470954,0.3522833387746835,11.868064193114147,2.6510706964565633
Milk,71.36719454199653,5.148286700512257,4.859333647943882,11.713004061956735,4.146085166350394
Milk,231.23000753601428,5.109293217387619,5.5417961725878815,8.204433870566106,4.3203316811148005
Fruits,126.76446292765013,5.021036735691186,4.9695390842068,0.0,2.4067317696377923
Fruits,43.839548899328086,28.09553477381211,10.497342317046554,38.596455313126704,2.8088395939088038
Rice,93.84086020655984,4.402361515250282,4.831573247499326,19.47751331802953,3.589421275385003
Milk,79.94051902389054,6.7015672227755205,0.4275666593921482,0.0,3.2721975737211775
Rice,52.816537688573284,29.854840024977694,0.25898906309294595,19.895638111586813,4.242554348050612
Rice,64.80314698060502,9.08987468375311,0.9037221245231971,11.3880230786566,2.325588866379829
Rice,94.4415820136557,6.815872657426286,4.645456511143984,0.0,2.5837964751309066
Vegetables,43.281594141764806,8.047135192347382,5.860674359078796,11.929915768409503,4.26991310479349
Rice,235.28449884633199,1.876332222456028,0.5386472550963173,20.889858033202287,5.961942787929852
Milk,88.46114854497611,1.0366095227660137,5.247906048146706,12.99309438620032,2.422650816054335
Rice,84.88085787166453,0.8863532651917365,1.059210042347933,12.199487409794095,2.493452582322517
Milk,115.37934970003862,30.064707493458926,0.8930368047146676,42.993502711328674,3.211087008858436
Milk,52.600718612164854,27.733953706706394,8.423026929171012,11.458966744695264,4.785066085372803
Chicken,81.69722203385155,28.11641417796927,11.229987742506387,38.827641994807685,5.133703142709721
Vegetables,56.63867803888281,0.8650737809881477,4.034427710304549,0.0,3.400264800991404
Vegetables,169.93275543608954,25.745908313467304,0.26099633692884117,11.414754576235302,2.5556551295845185
Vegetables,289.4228549944626,4.07187804367912,0.3048179071359779,45.69952105147528,1.6817672318145547
Milk,88.62450265513814,30.17553669710289,10.144342746032525,18.93851220199508,4.13995675289196
Vegetables,160.02191329911335,4.5984331758124615,5.532754606860975,12.480191195489718,2.8826584955248187
Fruits,282.63807800613444,8.262520619889752,1.1198088820673375,10.903155509436019,4.917494363677174
Vegetables,203.1928278416602,0.831730287720011,1.0224870451906347,14.011982215668123,3.331350189578038
Milk,46.885548950815256,1.7578930245961484,0.9831891008600209,0.0,3.3812805993046635
Chicken,73.11151928637939,1.17374253555153,4.699786158327387,0.0,2.906302978160082
Vegetables,72.37008124977079,2.3085073998126138,0.40744350846203836,37.066422617590945,2.2041163715038206
Vegetables,43.617472811118404,1.7817575650257773,0.9807682724243054,13.402717857076484,4.435767731369073
Vegetables,295.5012207658099,7.677425524262407,0.814038781397507,0.0,2.848920948617184
Fruits,93.7100929081074,4.758257245007185,0.8854430290069452,21.206558037489287,3.9879522196313104
Chicken,231.40425439830256,5.211586701585544,11.709463656674831,8.760099880565539,2.8351301548836645
Chicken,216.9200612086685,7.489075615696582,0.26617760504001364,0.0,3.335658872811723
Milk,75.2017979349773,5.546399038278864,0.2791829265777043,10.564560500255677,3.330897048781144
Rice,109.34765737280368,5.9309712319197345,0.4168079611636207,0.0,4.779528833104525
Milk,100.47867992208987,1.1071936811842136,0.3547990477269013,52.365377690185404,3.413789688376803
Vegetables,262.1462026562525,6.479451534194046,10.615110603228693,11.73456098535422,3.8679211729629324
Chicken,143.28579268946652,5.667723968682541,9.063833386079438,8.69225322162797,4.0308655227153976
Fruits,130.25004197313996,7.907387157521427,8.45721010324281,10.563554092464797,4.554481735009826
Rice,53.15752038985379,4.538861259970463,0.5890625890359018,39.05286524801289,3.1711758637721497
Fruits,113.00568315899028,35.79606912106571,4.76025671243523,11.772869025919594,3.514821778714784
Milk,90.37053424514959,32.00273213406357,0.3541235337287923,51.65464309408837,3.398618640089696
Rice,114.17464025216528,30.862294299271124,0.3489977070137393,10.55972751957681,3.2012734198454766
Fruits,85.50042535802866,8.126969818742872,0.5290071351625818,17.910646611100724,4.338275295182448
Rice,74.55977501604615,9.293918592753922,5.483997548980291,18.813667250945826,4.4746451098275895
Milk,188.04892815799667,0.8572260224561757,0.43162161427523676,19.981846188158343,3.537439225516709
Rice,293.19675520341764,7.003360165785401,0.8269102751228665,22.018776681827966,3.4908246492900794
Rice,67.25343114254488,1.6026902580380518,0.32467846279864027,17.971113232217913,2.686767676193413
Vegetables,219.59871285847143,4.179197084541365,9.228630928389896,39.82729891455442,3.326302032252915
Milk,293.72411789204676,8.847428202144862,4.913261813032494,16.764222928507063,3.631014907069984
Chicken,56.11202651038527,0.9727802513165895,1.1778239554459264,0.0,4.240813040767141
Milk,105.50661453575044,7.949616336395626,9.671923276482955,9.819873574348225,4.023890826879601
Rice,181.88996524130886,5.165509807677933,4.4587522912849735,50.59270087560608,4.48891042711063
Vegetables,227.10173021791834,6.755955052557391,10.595660878476693,8.397426162439029,2.4372687657635046
Fruits,246.42169248528575,4.030782339789186,0.4277099221849494,10.207395275359007,4.890618965716823
Fruits,105.88042564054923,0.878330803007392,4.328757461473506,52.83498681911923,1.6438223559148397
Milk,82.49227769783396,1.135847835939864,0.4520286661463902,45.89661984914985,2.2516515041313196
Vegetables,187.11561561133962,1.1594274218036524,0.2947315145350598,13.830562619208644,3.280439834553798
Chicken,232.41948067535432,2.136405766297984,0.41142536223538917,46.39478791225418,5.7083467872165805
Vegetables,280.35330887584234,7.848468784573968,5.009474350628496,10.425012562441495,1.7532422241095644
Chicken,134.32024513200653,0.8786147392481082,9.509324052808468,38.95246833916128,1.6090268319320966
Vegetables,161.88753290719714,0.9148074600014776,9.614689015719444,20.299975535006233,3.1570579367873766
Milk,103.51513022322118,2.0656289412477755,0.3061285670937894,0.0,3.4955997299070494
Milk,161.0598895802138,1.0274455511434841,0.5888326985898376,37.38483826430995,3.82706049323484
Vegetables,184.20361102933336,5.55103506638374,0.3021897939708404,12.427604721113594,4.194477576917293
Vegetables,167.34759104513373,1.6886190188960541,0.3479761735163346,17.048854510537964,4.190467562699874
Fruits,267.910762330386,4.40749921378062,0.3480547936532575,37.62723428235045,3.8906999005388943
Rice,96.72344513873729,4.86773473169952,0.3145101323597933,42.38389508704703,3.0095876072058507
Vegetables,162.77120608132415,1.9809068080358037,0.9180177600040652,8.424048261330938,2.9891934823412143
Fruits,59.463752340004184,31.057276888528417,5.24277761724684,17.41199599624533,2.3192385187406286
Fruits,88.62995916629609,1.96843977780808,0.25150995755350514,0.0,1.908593499164782
Rice,123.42962361667023,4.122510707319983,1.0654878286996692,22.520085482147827,4.440454574047472
Fruits,133.32880052068558,1.1577266480758006,10.4348718410104,9.789171847825589,3.837309651637471
Vegetables,59.673207123923966,5.088024813791236,5.308704813047513,17.326673774916827,4.56079617313586
Chicken,164.93377845213146,5.834017486216981,0.9351276728831359,51.36424556867971,4.8827428938635595
Vegetables,271.81782554519447,2.1834650138580733,10.152375313539178,11.678219968959343,1.7679427726056443
Chicken,51.120323286214486,2.2517924222872874,4.309903674951863,9.55547939697868,5.310975909655684
Rice,56.45555733439448,5.041203296924323,0.34078184234521075,8.111590967677849,3.177693065159456
Fruits,89.56731541807122,2.174098845352047,0.28781703535690795,10.131183470772962,3.3274198065102514
Vegetables,102.81069605350598,35.41299144322406,0.5092502894820935,12.069657988399943,2.636602011560238
Rice,215.83177286164974,34.798433791827534,0.26257463990411106,11.411839455934798,2.446096316126135
Chicken,186.6255880582943,1.0354371622462335,0.555616151531727,10.983202517938029,4.113494052180277
Vegetables,299.03340919192567,2.1060020113768756,0.3293449563926446,11.538453727790353,5.023639465666577
Chicken,66.57091502809425,1.827814758707394,1.0392444019809621,0.0,3.12683038304122
Rice,86.84664121527373,8.72710956674343,1.0568343959398483,50.99934971106341,1.6847972141096887
Rice,85.16099982887354,32.37403211448598,1.063468979073451,44.65927114133103,5.278537500662188
Milk,237.58380105057225,28.110686409729865,1.1763576800917535,53.97410857508804,4.2368768367299925
Vegetables,91.16829060086502,9.053246787275217,4.3869735990950485,10.417816915384854,3.278206602610254
Rice,240.535368092088,2.2803935300532645,0.550808506294046,39.56585874568091,1.7903353857194049
Rice,135.85087034175203,2.002694671859705,0.550640917073929,19.284589695044524,1.8798869770294482
Fruits,185.22202539552316,33.35126121233115,0.2735823579127208,12.89803645190568,1.6573857829133858
Milk,95.04374351686226,9.454401560856553,0.3538397266629641,23.191174195156208,5.7705748125220175
Vegetables,69.61759126707297,6.4437033928484135,0.46463036311579853,17.520048351305647,4.527193236083784
Rice,139.17787439361268,1.0713279618922948,0.5801130452663198,0.0,5.760728559378926
Vegetables,53.7227145171636,28.45237362945696,0.5852547563974064,18.63808089022745,3.2752726329381416
Chicken,232.8702935577373,2.197225481027253,4.802425381599383,53.98350963023569,2.506920963802801
Fruits,126.83686172342765,4.186119369001961,4.422084769577631,16.256656833499214,4.729053609317953
Rice,236.5233548838516,4.7996288090378165,0.4393990274365853,51.83344000251669,2.154665585707697
Vegetables,164.59993775282072,0.8063532370434794,0.4204209189006569,10.028058049491108,5.280780424212845
Fruits,89.19250341545452,2.17713560301595,0.49150177008613527,12.526522393563562,1.867335972349223
Rice,227.92006066324114,0.8574192376494275,10.963713709641445,13.931749582674932,2.4810867965183934
Milk,41.51255515519031,34.214174101295136,0.3334657383151637,50.33403260392918,2.5690499533853313
Milk,269.89525045225736,5.718786985354079,0.4837767728414919,39.00820619089515,4.39570342735056
Fruits,102.23169617378231,8.134175732542184,1.1980546588127843,8.152995195573258,2.561545245363683
Fruits,232.19669022491902,8.547530478909579,10.431597578666867,20.95789244024691,3.2617500957562457
Vegetables,252.2188168570047,7.996212586667775,0.24057838472465298,10.909431887841105,4.617364042988906
Chicken,253.01646037185986,0.8116502979417607,9.475742158008348,0.0,2.821371187509879
Milk,224.14367394341724,4.325360424806834,9.364560945167925,0.0,5.256004890610533
Chicken,67.54806691116903,28.632592208650255,9.482638410471004,0.0,3.45049303529219
Milk,55.27593970409321,7.6377361396829855,0.4487033733764294,0.0,5.038921279786871
Rice,210.91600375449062,1.1932978021814056,0.3586218856504004,41.575434956192105,2.6679366472860413
Fruits,47.36145281484075,0.9423253217938456,0.2698051492595193,9.65931178131298,1.9397280243680133
Fruits,45.72434505313172,24.036716986557025,4.419913668915474,0.0,2.543873460963863
Vegetables,75.48222886901611,24.745368005726565,0.4008933641421276,20.13283294182908,2.051183697143022
Rice,196.73510953357848,30.835102078743514,4.356789085483642,11.7925739807675,4.978862233049226
Milk,97.41285591717444,2.1439427170382324,11.844419041286576,10.157220361505818,3.4219273424521037
Rice,94.50025006210913,8.834245440155893,4.499777765024974,38.75872364655843,3.368794994983917
Fruits,86.21898835350183,1.1573306754266248,0.32743831442562144,12.179260800595625,3.136191034372117
Vegetables,52.31697786026852,9.038936125837626,0.8946230218142425,16.080735887657884,4.511445820319074
Chicken,103.61579411306457,35.185744722591515,4.284758636051796,17.129618322225497,2.932101279704951
Vegetables,88.77085758757617,1.664092554843703,0.34029825792381635,42.30706585812158,1.656729618294093
Rice,70.27915784576842,1.676795969992268,0.3094736902135028,38.97081321034198,1.855478397259696
Fruits,113.88610116681006,0.8499116254518996,0.500094848730552,0.0,1.7043770528603948
Vegetables,166.8486757374125,0.8568855874998575,0.32931182328871705,12.806084814693634,5.438171765036767
Fruits,41.819143017290536,1.6616735966521814,4.139206783725311,11.698402385089041,3.2695907850818817
Chicken,44.46940150677857,4.1856287976350846,4.528757417866488,10.172017800763243,4.64536293338171
Vegetables,130.3894072894811,5.058426881866922,0.2746870294887778,0.0,2.5363165558584204
Chicken,48.8621898911167,1.6100324018605003,1.0089762632696628,11.656159351668439,4.202892214031323
Fruits,82.27730642886392,8.64176527377307,0.2647730961851734,19.041071284453402,5.971481422156105
Chicken,73.629051486083,0.9042888941498654,0.3077944662556994,22.870373080023256,5.186803032603345
Milk,143.30826485087294,0.9452451357776266,4.754793927765687,8.505923356905829,4.084240371401271
Milk,223.50849116426025,31.198540200433705,1.1370202509416205,12.914071520240515,3.315695799147056
Fruits,76.94037923890554,4.526302711849957,1.1942906996464535,0.0,2.9890337629318293
Milk,82.24969227416597,2.0122032182253555,0.2838876693095157,22.303533667774758,4.767409413206583
Milk,84.02336878807895,0.8118322702688702,0.5093784383330656,16.375347564065148,2.6429417102270008
Chicken,55.73746188455404,4.958209077313453,0.910908132899734,18.021936687651774,2.5979541960342316
Fruits,66.54307679910802,4.171939542347188,0.5921743045100964,14.33025611276009,2.8197798377104144
Rice,296.0772117542021,5.809688720371917,1.1609335641078147,0.0,4.336654228529783
Fruits,231.96679503852096,25.907139998632143,0.24651636808038765,18.37148531217172,2.0332471715964333
Fruits,80.67840768883698,0.8166952691724114,1.0006971665559603,12.17072643352666,2.608961204812639
Fruits,291.2224221345995,1.962411660414378,0.5879459298020441,37.8780946858714,3.526412109696569
Vegetables,68.94656889334735,35.13208075315938,0.917905790773725,9.95143067125246,2.865698908831139
Chicken,287.1973881022503,1.0555278844412088,0.3080529142099112,36.950121016215434,3.539200167052912
Fruits,55.289434599487684,28.24688462792865,10.02659622560177,11.675239283177103,5.278691498368538
Milk,117.44881118382408,26.3400068993024,4.444091455632827,13.166313881885232,5.339476602628813
Chicken,56.752101624863236,7.66232920150609,0.5780909012402906,0.0,2.789901723305197
Fruits,189.3753607034371,5.184607236637305,0.43618421483409,18.286719795736033,5.545395864634574
Milk,42.106742574860014,2.342441783813553,1.148696086375581,0.0,2.7552165039266523
Chicken,68.93747081814104,1.0027655737626484,9.421716305280126,13.797620846121198,4.0704553209963095
Rice,74.75451492964044,1.7704526640206442,0.5363336265486585,42.08562476573137,3.212744890792844
Rice,226.10447558104704,0.8545714279111232,8.188180924787229,22.512977818708322,4.732749910417651
Fruits,77.77354412841458,29.77313501624955,8.201085912422348,0.0,2.8800063579375723
Chicken,137.1085297233961,6.873711068548083,0.3402773832640865,11.613614332509652,1.8355055496168216
Fruits,276.86451804330255,30.756182335520364,1.1551436619526891,8.459972978852798,2.895509542490804
Milk,231.02997743244634,9.425549217367992,5.497246074189922,11.83824098369633,4.038531026395377
Milk,280.5697225933209,5.267415195875303,4.129791886381104,45.69629217876567,5.8744399548880555
Rice,249.9710680644179,5.0492649604078235,0.584769809274347,0.0,4.311328562677854
Rice,111.87629584149867,27.63839250649675,5.870824527518713,18.68507466940058,2.8766771563384648
Chicken,64.75723000348904,5.065841062285392,0.4839111382968329,0.0,3.5571996223747075
Chicken,80.36451584819062,1.7511579773391492,1.1512682801427392,51.263274626469766,4.439003560385622
Milk,48.95795914766608,7.34825682766223,8.838137822915064,8.311264877885998,5.752815110327004
Milk,234.35458473791897,4.259967626768234,1.1596065489148841,9.765039581089397,3.385424108388439
Rice,43.54919539143231,0.9641624328180971,5.029062405992252,9.326635750829688,2.9675406274516356
Milk,70.53889213931919,8.124900892196623,0.49651296322690797,51.03322346618504,3.0188633263265006
Fruits,40.24189402665021,4.925150675023215,0.5227245316043848,16.44525557370101,3.5103384158573663
Milk,46.70820439124125,6.978971432597707,0.3392867696548077,42.40400475920523,2.2698253134702266
Chicken,64.05620253043236,9.472981501101577,1.095279628052761,11.618590692506583,2.4687712677484566
Milk,110.17595222246896,25.2400834809766,1.0894768976409643,9.98808036837533,2.0345524444499636
Fruits,142.74156047474514,29.66623251839982,1.173926384418264,0.0,3.9800344307017155
Milk,259.4941543705379,1.9162270555024838,0.33639755005801325,50.50215123377659,1.7268581814328612
Rice,57.407671063907706,28.632603354116114,0.429063795218148,20.182719231206903,5.2295058374188566
Chicken,208.36838109536333,1.0890861444360607,1.01971894664763,11.096483070207512,4.337036265564899
Milk,139.85053454423442,2.231209533864935,0.9746808816685023,20.819882481764115,4.176777112669351
Vegetables,53.662090983648866,6.49506245744484,5.601936117159926,49.658367975904326,2.7328618352285727
Chicken,41.164152557571384,1.8246396039896358,0.9105005372830888,36.15793331085039,4.525678210252703
Chicken,45.879769005478856,1.121665818896517,0.49407954328385845,0.0,3.4805506705448757
Milk,203.3730841705842,32.179119714610934,4.500250949834521,51.597454220746435,4.160453035849427
Vegetables,93.32157450779698,0.9845535925856039,0.30185088427583096,47.56568030289987,4.3862074588371955
Fruits,77.98436730043146,26.667502532258503,11.725649489170316,0.0,5.978559231183711
Fruits,42.39483136667971,1.1714409494772724,0.56224960840055,10.450417604073358,3.013728051957984
Chicken,198.04381414952138,1.1372152865354228,0.5462511867593649,13.960300804631608,4.537211163383536
Rice,80.04816255210068,2.3997154684058524,0.9424138160321278,11.7809108855655,3.2926633984366296
Fruits,40.42891139391062,27.74741766632333,0.2553685327285006,10.176062055510986,3.5618247728994965
Vegetables,77.86021253102489,1.1931047193639213,1.1999313025120992,46.018528581011445,3.2621383214710384
Fruits,221.20629196641454,7.50872099131588,5.819109378967361,0.0,2.2101843548579323
Chicken,281.46060614819015,5.273438809154062,0.5265743162577325,52.0311475404426,4.014524200804604
Rice,170.9302136400698,5.3317939277307325,5.122986330977406,9.540468838271503,4.170329383204045
Vegetables,181.3445125178941,7.705525039427692,0.4996446754693514,0.0,5.38491276425504
Chicken,105.35832241831785,33.2132748754037,5.363732854432866,13.00611079216095,2.7158040609004637
Rice,165.63692664581757,6.635991428377373,0.32247117862330055,48.42732719871839,4.4369618805854785
Vegetables,199.95333043140647,4.861170033154479,1.0225094000850323,44.71509170035439,1.6396396277185787
Chicken,59.44861495751428,1.1079949405084917,0.43925958510080165,10.421316109780054,2.9558233894961186
Chicken,122.64689721930071,4.0491628740563606,4.386330343574135,12.427400467527583,2.4813695819443056
Rice,92.25412723856563,1.7133497909054092,0.5771542823858553,44.87244250127414,3.518560817897632
Milk,191.0397167750145,1.8374589845559175,0.30241426350436534,10.828639736361065,4.369684787831149
Vegetables,99.59043178551508,2.0051997492665974,0.49645335347000236,11.432726976993091,2.926660948204257
Rice,77.7497858096738,1.1695433132178037,0.8927912165010208,8.652311100432975,5.406316785032757
Milk,97.03017634214807,26.629478763372987,0.45703656617530247,0.0,2.5981767088488636
Chicken,207.6867513093083,5.057884113545699,5.145255436631873,11.22008243259264,4.350347761221069
Vegetables,121.59977261862946,35.50669473327042,4.721844796158865,51.92087573185853,5.199789858628707
Chicken,65.43037957114004,1.0442108242467179,0.24143364867827893,19.74381203323334,2.927237615011686
Milk,223.83937362831955,24.965021986704024,0.5821772874363029,10.050159333558184,1.8849368048389321
Chicken,85.54116359951007,1.8293449606982553,0.27641383404116904,48.69755327495821,3.4853498164179806
Chicken,58.10567272629471,1.8120801794762902,1.122672200400151,53.755787134498355,5.632991717498288
Chicken,77.5096139317856,5.005350457896572,0.31131568890017747,41.69978914750958,3.818715049984532
Fruits,127.23652822182764,5.504674808002321,0.475571378687178,0.0,2.564858667492846
Rice,92.93541651849084,0.8161978891648015,0.8044748411162198,42.09264471461471,3.8508105551493745
Chicken,136.010120079354,4.24558512746835,11.327957236626133,0.0,3.228062482921835
Milk,72.1667824981695,1.1794023095967725,4.008104570165134,8.663615452444368,3.8331652691724765
Chicken,216.67225795285776,5.538359061648097,0.2441569203936737,10.162263396468422,2.6742009290122266
Vegetables,166.36687327134817,2.3396899374516167,0.5494141883139818,50.80273539344365,2.8560933624680516
Fruits,181.65210871770904,30.070102998845243,5.127649165568745,39.99508961519947,5.093888763126914
Chicken,238.82134490456653,2.364274679450851,0.2849463034935712,0.0,3.103742001306901
Chicken,200.0810852042196,2.1387890715694344,4.021575277581336,0.0,3.255909315799393
Chicken,123.96038823393609,2.0574909174892166,0.263728680336883,12.918998379977886,1.7858856516278798
Fruits,219.6621794967025,25.61734743164222,0.9722279845843013,8.862766970825417,4.969255520984062
Vegetables,246.79915868979498,34.580649512462095,5.56988705249867,9.366004733184402,2.8823086653979595
Milk,239.23522144577953,33.60853399251313,0.42468837828694106,13.737389479317748,3.521782973239718
Rice,142.07469530797485,5.630923732896469,8.816671591286529,11.121109461461185,2.9350865878886596
Vegetables,44.701962419992746,1.9418676451095087,0.40566807643787095,20.529529611681102,2.7131106041242252
Rice,214.95287257903027,4.114686266732793,1.0170858788371393,0.0,1.7325434190764941
Vegetables,90.36782255057545,1.7181410481833166,5.147371878403655,10.47416459958335,3.5741511283558394
Milk,242.229017892179,7.390940875731317,5.244503423365905,0.0,2.6817460385161187
Rice,88.07712404522968,4.937574132195666,0.4366533943962202,11.01277470493831,5.7306548313223695
Fruits,175.838135169555,1.1392105453864283,0.4587273898001048,49.985814093652856,5.5319364453395465
Vegetables,201.3286080618253,4.709332279503134,5.271262216269056,12.713679329438731,3.433029312442343
Vegetables,205.94188493184973,30.024454151258652,9.905415617220712,11.03213959663006,1.7005082079739593
Milk,88.06924644314887,4.567326689930628,0.9308067985076904,23.212461468777338,3.4088123701340627
Milk,54.57789334946078,1.982283562123801,5.906680499126704,9.739374844322835,4.2896344676691385
Fruits,293.04574420603615,0.8824403601873331,0.326062050222552,12.838563127357151,3.2838769909255503
Fruits,69.5772135882734,32.94023810293401,0.8140783489805485,9.447087579140664,3.2517278873911413
Fruits,108.92313166581084,4.848999531868609,0.5135396376168192,52.36934269963641,3.9745916004483366
Rice,51.14760502984671,9.216806170991072,0.8712966125026145,0.0,4.42500835969494
Milk,47.104364895269065,9.275426962107847,0.5772066557656237,53.13223260511078,4.47470636126207
Milk,214.25704113942444,5.751200678460289,0.32211634902039504,0.0,4.1521459720905725
Chicken,71.81117729015766,1.1194330728792203,1.077382291245536,17.826217230622603,2.4437923890892774
Fruits,51.63201110600959,5.056269375238619,4.1332683194170805,0.0,3.293246372709255
Chicken,43.082499359261085,1.724812983155298,0.8263929296072995,12.627840766923942,1.7886558920809685
Fruits,134.78899021010548,1.8914239736998733,5.234271585569525,42.24027644661061,3.347367039929081
Rice,266.318512686325,1.6052666900014783,4.100386366461581,22.434556200983966,4.520025828248047
Milk,69.4392474249216,2.214476746864998,0.5765860079912444,0.0,4.26884240174953
Fruits,46.73636515526639,31.72095724604895,0.30933675578884845,0.0,1.717688632033139
Milk,91.87597043972545,8.398105931280242,0.819649154925689,13.039637072610885,3.328773015521837
Rice,130.9215304697498,4.674811269064255,1.0702776779130687,10.507792527372786,4.5562327591754785
Milk,249.6149307703665,33.551119850467614,0.5968695958095445,16.255432393656747,2.4555339702557872
Milk,74.59614055584322,2.0094393493208385,0.30315952070852065,11.188654259477316,4.425960861794341
Chicken,232.74119822386479,4.13745325833616,4.296996951191764,10.442997816525315,4.225793226922938
Vegetables,71.64276355296198,8.80456366784717,0.4840550718951757,46.242286350522946,2.1086850974564624
Fruits,40.40778659022736,4.909825636037846,0.4402377429385021,0.0,2.5278173061602582
Fruits,51.2710119989997,1.6755020043030862,8.41753139640675,10.927628284323298,3.5259018945710188
Chicken,115.5047143775447,0.897517057493666,0.4399246143398249,11.578091212673586,3.4157248927184813
Rice,195.0263175517953,1.6168819759187023,1.0073180640970647,49.92844538331053,2.0366674575162227
Chicken,259.43571598997056,5.455643397107162,0.5412020223556717,10.08994862268699,2.020762276694912
Milk,132.59310666951865,29.072472328233445,8.943302379882743,23.64724493100335,2.001134823861851
Vegetables,120.53981427852948,26.698472197372322,0.41708945758845173,12.971484350236087,2.4445404853326758
Vegetables,83.70243763723363,0.9447713600791419,0.30931706057373004,0.0,1.887395874663716
Fruits,130.00908285229855,1.7297212123193917,0.29072992831288835,8.278796821188855,3.5245129055101008
Fruits,250.86393949784613,1.6809084551430988,11.173074496009187,0.0,3.2891392872225564
Fruits,95.35558720511267,4.409964898474593,0.5624695157094431,10.545344903378815,5.11746529921827
Chicken,64.41434369960095,25.258951469058072,0.3422560793488661,11.477445888512703,2.3670564240244882
Rice,228.83783248105715,2.2891497636152356,9.175461540123806,11.080750337687986,2.2253970334631594
Vegetables,122.33945970846098,4.546365465304729,4.6293698514091055,11.918355437603482,3.8843563600942006
Vegetables,174.96211906888283,1.6324476995508976,9.87763078490258,11.571970176786124,1.638224382987123
Milk,285.0301561333399,2.1365840105736345,0.5381341791384273,9.426806440078295,3.431894825248507
Vegetables,226.57288454195898,4.677215284957316,8.605522446316296,10.191346070662595,3.8352305776208184
Rice,180.5379297488205,1.8651922721789385,0.5140284935395316,10.171982523485095,4.627748172012423
Rice,66.213239359404,1.8746509295587244,0.5403656706737703,38.71650218517041,3.0118171550820976
Milk,293.9308922250952,25.869970636388228,11.106321628734058,12.522419115905372,4.244029646837532
Rice,202.2998971120241,1.867333208735239,9.831002087039707,11.108889944213907,4.405546337549685
Milk,43.97739993804911,8.700301295857845,5.1043573454312305,8.44261788285637,4.698455843064976
Rice,80.4972220901869,2.285338844324301,0.8183422542164637,10.083938304336549,4.233321607565533
Fruits,53.361148514266056,1.858550917533809,0.9058220840640118,17.876288123972845,4.322994024783054
Vegetables,281.6245619064666,1.7974841020820436,0.26371199088026076,45.6342163875438,3.812825159524641
Rice,121.32635431536232,9.073217006037794,0.8667067209213338,40.994042889409656,1.9843160132439484
Fruits,55.369287184181815,24.59175300229512,0.25007832078998976,10.576856888081025,4.638346675326552
Rice,291.98973253482666,1.0175355376145638,4.1988222833967175,0.0,4.262970158667691
Vegetables,275.84784011674003,8.322270799381807,4.957476508934235,0.0,4.015542837639146
Chicken,48.40653227908687,0.9620970250501918,0.3288944754385103,8.275770977894927,4.128449363513789
Fruits,106.42128632624629,0.8927093377949624,0.4391188174408885,46.44414990957514,2.3100055151978296
Vegetables,208.4313251707227,8.56146990199495,4.738443868163405,8.006234677772673,1.6111857263475113
Milk,212.0442720198034,34.76455676782851,1.0495914195273173,43.26884456022403,3.458437915145302
Vegetables,43.96271531265831,4.886423751969569,0.34747282015088843,0.0,5.4416093043622995
Rice,114.20351054981614,5.88202616714039,1.0351597061488051,0.0,3.059330291660527
Fruits,95.68261572229883,2.1136206396895187,0.5819839895683836,8.348061639660461,1.860205812452811
Fruits,103.05951615951923,7.868638020147854,5.794711970896388,0.0,2.4146179997404555
Vegetables,86.8599595024785,1.876080687761099,5.264999312590987,10.090999576338767,2.021205861540694
Chicken,199.33454964327143,25.766935076525936,0.5148625799602642,38.23915360601093,2.84924867286684
Vegetables,43.55977982062236,5.989882944684471,9.508014573017864,39.69490352542711,3.663889130409189
Chicken,171.29743616137108,8.118755532110164,1.1702521305985873,10.261347775777994,4.740909770447698
Milk,165.79313940094602,26.773223205598875,5.478091291353731,10.57704347573522,3.1250234106364854
Chicken,53.313397727805715,2.071505280477573,8.726844579912072,50.9704083284825,5.987271579753717
Milk,186.80194167955682,7.734984298814885,0.5562531915936282,0.0,3.3987328467021705
Milk,202.45847824039052,1.1711320126936882,5.740527317164274,18.17841556771858,4.503811575665204
Vegetables,291.23479992702545,31.805359655084008,0.5317130811215619,9.651883925962078,3.049484253925055
Vegetables,118.44386818727061,5.341822896054671,1.1194118019781247,0.0,3.4653295240516044
Fruits,227.2512818276051,4.806622934841126,0.8213568712998802,23.09583248494361,4.114643085735213
Chicken,72.3128092633718,5.952610729305934,5.63268409245743,11.91865091998887,2.7331170519667944
Vegetables,40.586800304700525,2.0766494802260698,11.12596977622763,39.20236706539478,2.400087866000748
Vegetables,80.0249579826006,4.876033934468649,5.871849605998046,9.555937565033695,1.694218703230779
Vegetables,277.012474878539,0.9934564079538273,9.563994061838685,0.0,1.6959040672943746
Fruits,81.61433833594444,0.9195504633648083,0.2536811044379104,0.0,4.042819405971119
Chicken,184.5591508409679,1.069345732028032,0.43187650757056045,13.7359236942298,2.9512635322924377
Fruits,197.54701349614564,1.9225936812536637,0.5861197704455784,0.0,2.8824528412005765
Milk,234.3253725998113,27.526832055318607,0.47752960944204176,13.23291610889488,2.825589830538555
Milk,54.2745642690178,5.903888402660082,4.150722315180426,18.611101331521077,2.865259782984809
Rice,175.4186599063599,2.243706084225095,5.197695138185965,10.918378846596157,2.9161886780413533
Fruits,223.1813580385104,0.8446108180979698,8.992782404544212,0.0,1.891060474946777
Milk,116.53980371374914,32.23148852001698,10.960522384492728,43.76373069386956,4.739869853143548
Vegetables,129.0852662121025,32.966353573083055,0.309205038214898,13.159200928812549,4.184380136307462
Chicken,55.79763093087109,26.62198780756573,9.040655842384467,48.76262862380899,2.8005448771714154
Milk,81.22107063909252,7.86042120016452,0.5815252411341872,20.098371353878047,1.7113302793139145
Rice,192.76582402337033,1.0547402125405443,0.4357114406638374,22.65095596038116,5.302208667091772
Vegetables,125.8265094504885,29.57686654560842,4.340998524141407,13.817451520057602,4.235854037460803
Vegetables,233.9555681910225,7.836064809051596,1.1451814770879876,11.374646754845163,4.508748449819566
Rice,105.32732281484154,0.9252081490392364,1.1429470273228914,10.042821572311842,2.9259823514497674
Rice,69.87007224919626,0.9048809428263841,1.0780960886197894,22.793421277319222,5.256475941015733
Chicken,70.47090218551847,2.180500802011757,5.751670191173331,9.233212519552056,4.49319904807923
Milk,59.98016291871547,1.0593435947786323,4.059886817454135,49.10010625119202,4.1742691284786675
Chicken,41.60737776707412,1.7749096398265338,1.1396595599263517,9.300984309264651,2.9698314151398026
Vegetables,41.88314235425184,31.733147590721607,0.42783410171070113,48.01937431988213,2.9005985938518366
Vegetables,47.72594732098835,4.5627257918321815,4.196700495538131,21.644547535879617,2.7509278808309015
Vegetables,269.13808640677746,30.532537617608227,11.526785160422143,17.906467111527718,2.2765546333322453
Rice,101.63755752428845,30.46416892339417,4.7926174460697695,16.714779757195647,3.72981934578955
Milk,236.64863248568628,5.543433775640353,0.5503181169752549,39.53514356396778,3.0992258692217205
Fruits,48.69625198438826,4.779970436023449,0.4874574426097432,14.360767547351678,3.403924610739794
Vegetables,166.83496149213562,27.214971414764815,1.0423240107633875,37.46132439554411,4.67762360982693
Vegetables,65.1624036745372,35.6876383590168,0.256112231522815,23.301571163461748,1.8541150611048203
Chicken,285.03934431741345,2.124411135150517,1.0619515028500899,13.422608577503624,2.529660217686732
Vegetables,59.61241438249212,0.8055366244317181,11.814208668557825,0.0,5.621514504616477
Chicken,137.58499662214658,2.1652305747856038,0.55446760485984,42.55125089142703,4.0528717023911724
Rice,59.937716750680096,5.667174476501571,4.549552019600138,0.0,2.8033391768812463
Vegetables,45.47374566290508,1.1690995792501,4.525039847445887,0.0,3.0346688264346104
Rice,48.03367444292933,4.050762302144546,0.3400121832474356,39.7127115065834,5.00769505899111
Chicken,81.28807471804761,1.1362636676850977,4.4488530982172545,0.0,3.835063799017884
Chicken,140.90795902061697,1.0784674963385914,0.5785223594840665,19.839739139538853,4.089602449939906
Rice,91.403740725326,8.928183047166312,0.5502205899528138,8.534873409800545,3.2359922217941235
Rice,224.01377127569094,1.084149096316906,0.5448842670907305,10.51311805854378,3.9733963873816074
Milk,95.96921712308625,6.60463940902112,4.144898097007283,0.0,5.441284884098092
Milk,209.660604931696,25.88240677293004,11.979679676083448,18.629302169231543,2.552162707561914
Chicken,40.278243207500125,33.28900773633548,9.900868856126259,0.0,2.606770788462429
Chicken,206.90505663565116,34.10802518680683,5.082517985374012,14.148593407068308,5.008439838995907
Vegetables,174.00734841705938,4.898972527104611,10.840931544342869,44.93199617441104,2.264896668792659
Fruits,194.64742267697767,1.13314533277233,5.724603620069929,19.74213180995744,3.209147564789268
Fruits,72.50491642333405,7.1818011533562505,1.1091431245919714,9.794701588063418,2.7371533621355377
Vegetables,262.9587161458571,5.208178965288494,5.781667517531307,13.788036661977747,3.906033174274758
Fruits,219.14761389229514,29.484469914482005,0.2617770365013525,22.414960358197792,4.5110412564958065
Chicken,95.45698012764797,6.851610516207626,0.28626454261476547,11.52651143576303,4.488815880753804
Vegetables,215.59290336843245,6.489148373393778,4.830187982361735,8.427085274550972,2.012831925906248
Fruits,80.09939515237272,4.972016403330095,1.0909453901888857,8.537564425117969,2.3462520368596773
Rice,98.00373852848747,5.900215609213008,5.673160993424007,9.866221481724802,2.8286833417420576
Fruits,226.10791054534468,4.163192673606853,8.572869622225424,0.0,2.4278456111936
Chicken,184.34662638275609,6.458731576057124,11.992999106379303,14.209374154918033,3.003609911841907
Milk,191.2316832817091,7.5383338665448125,0.25645274941145185,16.033769564638376,3.519934266417575
Fruits,107.78314981963354,30.903116376201176,1.0629632878818431,23.267751244400785,5.4607632802848105
Vegetables,48.68283742500717,4.178693035947976,10.457370052640595,40.87508480847251,2.2455124248746623
Rice,210.81634566347876,2.2718554133605022,0.2701202972066991,13.785399526489009,5.436045310730226
Rice,53.28114367058765,6.775078106804437,0.8031239514823999,46.632542635648036,2.574780558037017
Fruits,49.269821540767744,2.177847539457499,9.39958951601914,39.59986580793744,2.711323377470479
Rice,93.0232730168367,28.638832075391345,5.877543496128209,10.037200749651072,4.292980287295911
Vegetables,137.70341396149223,5.378711073524315,8.715208179214848,50.88052986617502,5.203061029450556
Vegetables,100.3194583314486,5.434489996017382,0.3162469917972946,16.24852244005884,3.264091390825052
Fruits,42.03946642254271,1.094985544666512,0.30647842118182705,9.819281018174028,2.2572077537960213
Rice,134.37976417229925,5.541164430934752,0.47659790345144404,0.0,4.6490515159128645
Rice,42.49047419661115,9.176835949863548,0.28042062189403894,10.715424529084334,4.356562180105786
Vegetables,220.0451168791553,0.8185099794135328,9.132725522336061,10.075891864832865,2.054396442299384
Vegetables,47.00446547489553,8.67754600496002,0.3296976047291205,11.768460000491896,3.3660749226773854
Chicken,81.56178602305468,6.9831323633756694,0.8339744835877694,11.716558894295927,4.736102035828621
Fruits,76.72162893247189,2.294511409625403,0.5749905323549698,11.63336840346102,5.997329943514977
Fruits,52.377791804276086,33.31292687933079,0.3510428640628495,10.191236841948301,1.6289378689874165
Fruits,83.11579023159638,8.239678008610055,8.18466024823215,8.054860384419507,2.5070565103280957
Vegetables,125.70948971897454,4.543194671088379,10.212731721894652,19.763376144847737,3.4376813312333105
Rice,236.44583959344857,6.829009302151033,11.655382525169513,22.975044432611817,4.786817210149337
Rice,244.51564253822832,1.894774363245536,0.30683053240889474,52.46147845068687,4.821104810016159
Chicken,121.31317086604622,0.9163779097054103,0.25018245124984845,22.19137294319312,4.4562626189830254
Rice,55.973383718402516,2.1075478626913613,0.5806136899532809,11.280446890834707,3.620405432144484
Fruits,212.538916184492,2.3056596966450917,5.38674222770728,41.71173847406745,3.440556660457665
Chicken,160.30228960905546,7.162823641830495,8.947482986929373,10.608731585895663,4.503502092334369
Rice,109.32979429160827,31.955502217707433,0.9883081400424548,0.0,3.538808130265895
Vegetables,68.86742607866503,1.9422594805133777,0.5705256722324484,8.461161775052542,2.7699144370085182
Vegetables,232.30655797949237,1.620770825615695,1.0908748970054196,11.48772122931806,5.018742989852083
Fruits,170.0944655871856,0.9159351356240333,0.28146092931490707,8.732374787255075,3.576124416247887
Chicken,222.97006681986417,4.334388268990393,0.2580830277421692,17.662886814627246,3.267708356069205
Fruits,45.4476501492241,1.0505365332252439,0.24625769806255227,21.708114251375804,5.846191385032479
Fruits,83.91821929731202,35.13246096428467,0.24851928203916906,0.0,4.347640337209848
Chicken,43.943907471707455,35.19844794848435,5.00048975955531,19.372837690756565,2.7053515530521115
Fruits,71.50304905651754,9.068051269330603,11.34007310419912,10.98808959628497,5.9379294328655945
Milk,194.63501720438285,4.074964544615089,0.8308846267480035,20.36297378455756,3.4461291530511557
Fruits,174.21660395709245,9.530858422036772,0.30601909412424483,0.0,5.539563871019477
Vegetables,87.66766075459776,2.238007413165873,0.9133709772855184,0.0,5.479100123305109
Chicken,56.312596548715234,5.355851714082189,0.8559569251631352,8.433933630419663,3.208649022848056
Chicken,51.28456807306803,6.760847429866348,0.32427885568478126,11.929005581758625,3.2984762977712974
Vegetables,119.23118761372504,4.225453738411629,0.5423494568777277,23.325699362694813,3.283429540463282
Vegetables,53.449577692679654,7.342855261203422,0.5444419977444821,39.73869076183917,3.174953329926434
Chicken,291.5245751295851,9.511679448345701,1.047984223443426,12.756280297524675,2.3354038407322193
Fruits,111.96401051899485,30.559729514325706,0.9313959249358958,19.059408170496518,4.383618864858335
Rice,52.53426070177443,2.2328818048082653,0.27235143484901875,11.086974677548708,5.809054607997353
Milk,258.8045038907217,35.79464857329458,4.947590965155912,12.42319178796454,3.7688718871270686
Chicken,210.46610988622714,2.261782417835568,5.7493767035867,13.522171547730284,5.40724131725919
Fruits,283.6020364722862,1.046929602807211,0.26478380524177053,0.0,4.879886212807353
Fruits,59.5158813959489,1.9491657114549024,11.055236569811298,16.701060749642846,1.8097920086702945
Vegetables,92.639728199134,24.811747353962556,0.5169584116535999,20.601877566415258,4.79650722549002
Fruits,249.57146078092043,0.8854932685611803,0.5235770019385078,9.377028713413369,2.8419649775846993
Fruits,196.93245156318758,5.0218566058416245,0.5757679895248102,0.0,3.2045253840589383
Fruits,79.93704851889899,34.898231174605534,0.46320946229363685,0.0,2.3143187613169864
Milk,46.855505442985276,2.1342805663217086,8.960686876248513,10.440781916814073,3.428953296834098
Vegetables,48.8415659197584,4.413140289236742,0.8549947439468935,44.37090813721445,2.753063642958954
Chicken,128.76230821613066,6.944825061503597,0.5531692273988369,10.774729675800177,4.07476721864981
Chicken,131.64820124328742,9.209667344469052,10.969284424135854,13.472809184499804,1.9153217051243283
Milk,46.290489724964644,8.425159517516018,0.2699589490670217,10.327975412064488,2.423017878001822
Chicken,42.17137829430358,6.524048381474164,8.112050058321387,8.924457258774478,3.1127617344274867
Fruits,208.87173470571636,9.44582801878997,1.0150354139488824,8.883521567082806,3.240663413698379
Chicken,233.83321847287473,4.3896431929611595,0.547962546756953,0.0,2.8127617422880187
Fruits,48.952715145083744,1.651034263693914,1.073222062016033,0.0,2.870813396051063
Milk,143.0810763062534,1.8536551302059148,0.5736686807907072,0.0,2.952603018863929
Fruits,57.93971895118008,1.94087539555604,0.3566796110225355,9.979181988256435,3.1406920526312945
Chicken,76.03457961573966,2.092967231476075,0.45481692134267265,0.0,2.5148038874436134
Rice,84.06932729051894,2.3245205245915908,4.958601932460811,9.989939647792028,2.888725608091782
Rice,211.48445211539718,1.7852543800756493,0.35683361750578646,10.233584318128827,1.7181528868826694
Vegetables,255.717190503976,26.554506629698427,5.5370539155978875,20.868634271964428,4.789014784119056
Vegetables,200.5177082015471,0.8152497641987655,0.42987611659618924,0.0,3.7756890439203117
Milk,106.83845366063497,1.9407400422016683,9.007842935625748,0.0,2.9456565302291047
Rice,260.54472115217527,4.73745789343583,8.873820047496517,16.88898066729577,2.0573915151456283
Rice,71.02554128973306,7.317945999115758,4.180768929278852,40.14592430506293,3.0174871482350323
Vegetables,277.681457045124,2.209376146105656,0.3231302745167437,13.807449441846028,2.16864624002505
Fruits,215.27302768907975,1.1423322879609439,0.2553881438120937,39.3102980494643,2.3850758752397483
Milk,117.06758541096346,1.8491456997339553,0.5727086947562496,10.561687698231495,2.2637211731476277
Rice,112.7022375473886,1.0096697063047095,8.69353647580646,16.14940294928269,3.4929465323802567
Fruits,54.10714248437173,8.624835401755924,9.016422933284309,9.912830573968815,5.629842042014004
Fruits,116.09423848653962,2.0013138474397767,0.5717638213502025,0.0,5.168553315953308
Fruits,238.69490016223662,4.191273015752082,5.861710098091596,0.0,1.9246533590142798
Vegetables,189.33171531481088,28.46859949936971,4.670322428487923,13.823788134047945,2.732126975858619
Chicken,288.5071575992211,5.742280306583877,0.25267538477581286,9.630787776702487,4.780233896534152
Milk,73.86911918725778,5.972096379343488,8.063856697813135,10.171515178357831,3.451779497237517
Vegetables,223.8179816059175,1.613795703820319,0.4205860041584536,9.495227744907695,2.6041443801592266
Fruits,98.24565649767149,25.157877706057853,5.982537915509552,10.889261283221009,2.6704892676322642
Fruits,217.92880936817696,0.8836047083149636,1.1480342269815076,0.0,3.522973955267305
Milk,50.61161896529125,24.168946182607392,0.4630657314112724,10.84700433339428,3.3599512493165644
Vegetables,47.59819971219136,7.985834568384464,5.835312977385124,0.0,4.91879295974784
Rice,233.88537334864463,7.327079068801015,0.43124675870181894,20.22214658991315,3.201057985672042
Rice,53.00972471897052,34.925969010973205,8.162027145599955,49.99274550611459,3.277529695371287
Vegetables,262.95783355995263,30.818373359207566,0.3433052106069372,21.26363324853328,4.9875892518943115
Fruits,134.04392767116016,5.951949787965685,5.2478028869766895,9.206141702250033,3.346371870923719
Fruits,216.93447744397102,27.910191969597953,0.2987445893824176,51.498227167408196,3.3672616100614983
Chicken,94.69744311835453,9.312780609239,0.4970091102114783,10.90879684926997,5.123519317111773
Fruits,178.8179942928015,5.295735187994292,0.8654737326017692,21.902274158117642,3.1390461280653654
Vegetables,173.15718653796318,2.3879689449353267,0.5274492570878428,23.53917992763497,4.497817095599977
Chicken,133.10081589964153,5.137286730450792,5.419479317564509,8.94040526944366,3.4635221362579003
Milk,143.78141766903792,28.60793262939215,0.5687669419094721,9.034838778483183,2.5587390837238173
Rice,130.1804358891168,4.824660916352054,5.755346160941305,16.464405246969623,5.806955824908425
Rice,97.86794582495173,30.372778580687548,0.26749026060474274,11.747926602480034,4.637465709619056
Fruits,90.5374937872719,1.863190556393428,5.0882553170186124,10.243004328627297,2.1754670533214364
Vegetables,92.62001755166034,0.8858529853066752,0.5040367339155125,9.886213665037289,2.1272696810683094
Chicken,170.48970738705017,31.170136958463434,0.5379161604789501,46.34551162355907,5.35532371076166
Rice,85.94367379655642,5.027627971985264,1.0697355617152193,0.0,4.6203650032738395
Rice,92.69168703541365,2.290275618668152,0.4339368441604543,11.07708189325544,3.963991304107365
Vegetables,254.50236853245377,2.376320116987655,0.45666371082517493,44.905605811665914,3.2274580813655973
Chicken,113.78032287414112,1.8004488521917785,0.3434225615311847,9.87422715839678,5.984802149600439
Fruits,167.712904623895,1.622675865258613,4.351013989288149,11.18297505296001,4.65351952309309
Rice,282.38866637492265,5.700502580506265,0.32655250574208416,10.6424806551871,3.72605820864227
Milk,207.9435074797103,7.999035380194661,0.33878699569525156,11.9562160797793,2.3041391134606335
Vegetables,209.31250562171167,6.719299108719213,9.537470878310994,11.707538267655744,4.045907879076973
Fruits,222.73643992948914,4.306263881815957,9.696352934672138,22.606638907373483,3.9036208519022115
Vegetables,136.69037152413225,1.7852773500427288,9.238606562975933,20.4820593312232,4.643125266994014
Milk,98.33688740101195,1.0260442330955535,0.44731882463303557,13.730373635173013,2.454012459702446
Fruits,263.2453713212667,35.3386802589555,10.978992529188986,17.29436047041975,4.434537078671439
Rice,236.67234811111805,31.646549701977616,0.4968499210288325,0.0,3.3123547233691633
Rice,118.95066397917533,2.1428052027820415,10.877039918230142,16.294085442774172,3.300785877770429
Fruits,211.80738197437412,2.2080339772173234,9.262123340600064,0.0,5.24639190296262
Chicken,173.61306396597854,29.965387276573704,4.28075102712273,0.0,2.4334089239963435
Milk,199.27460929674842,2.2412037259688917,8.067980919922462,46.06484259903579,3.58603672667423
Fruits,202.98435476308052,31.18132386398139,0.24482232114910762,0.0,2.2658942742142036
Milk,230.74389660732427,2.2207556398518316,0.3518206699629115,0.0,2.6619289552146284
Vegetables,126.87644668867361,2.3930455632639807,0.5964541129428541,9.993931338834013,2.910158407732049
Vegetables,219.43335933057946,0.8832205709107056,0.4213687575837578,0.0,3.2150176132277113
Milk,111.63959670760269,5.782601953499446,0.2580985264557194,13.339618773687702,2.150187223955235
Fruits,66.0371992543443,2.018285659244206,5.82413410030851,0.0,3.4141551951797564
Milk,243.82943282046537,4.717758185493997,0.47868802298245045,21.608186050615316,4.44257403136786
Rice,107.33482051561184,25.13401207678432,8.800380686156613,0.0,5.781202644402226
Vegetables,204.60255025290456,2.1421529193090167,0.8307181300911546,20.467711042357752,5.525763549446152
Chicken,270.48518175930053,1.6839012576629304,10.713465166928284,39.37132093085831,4.7899596965234545
Milk,52.82144030180873,26.997545400445006,4.915889235172985,11.226911207530414,2.8084380941098
Chicken,258.2248836494925,0.945023152944507,11.276391113044134,8.061492737524961,2.7002183970908256
Chicken,143.6622321881576,1.9386020895547031,4.990022901376388,0.0,4.6615239385657805
Milk,92.23476984651282,1.64359919513761,0.8933653078536133,0.0,3.1706045458844496
Fruits,117.66361900553584,9.422391212941228,0.43932100258381523,9.849597211033828,3.2884908327381552
Chicken,191.99067622478526,28.542238626227093,0.25737715790238025,21.944966991202946,3.703979646356915
Rice,164.3658729260596,6.682058587246219,0.30974846598117256,52.52959849317911,3.4157591624036385
Rice,229.80331802487822,5.797517133560323,11.165462958536407,11.069634581962344,4.76514619156177
Rice,203.8546818894903,4.9897742681680555,9.775744084203343,11.727487291472091,1.6540665780050037
Chicken,211.4968345961273,4.546802385358112,8.079854214706518,9.470719942876052,2.3200996933073528
Fruits,93.50741191140332,1.819063408592368,0.8488191512647053,19.948566394195883,3.6288011312282675
Milk,45.856739009789855,24.564377477002687,0.869100520805764,9.81476141459491,4.341205604478773
Chicken,76.3785005142268,4.394224699194355,0.5609584577218799,0.0,3.039946733498798
Rice,249.44094007679263,2.3592844968401945,0.9156271480625289,49.69489776956371,2.0802011592787713
Rice,234.9698443891839,5.319993161863157,0.40944520168361237,10.304518619491574,3.543798391364462
Milk,55.02072501866703,5.597238495821103,10.772232014352934,45.88136255774512,3.3631359937860283
Fruits,90.56363419973516,9.024002071763848,0.5143559699108142,14.158712147955502,2.5340766135651367
Vegetables,235.89703656361075,4.974036706599043,0.816342160866221,16.07649700859969,2.9185490674450665
Rice,82.26589208868256,0.8016046717199448,0.4023049372332613,9.943480566689596,3.7405456600564055
Milk,71.04749627158493,7.3230609264262005,9.493709205233175,16.390459919037113,1.7946902223318906
Chicken,227.8250225723045,29.57709882707612,1.005952129468658,11.587500796181052,4.36066110359943
Rice,67.2982369275555,29.084689274890753,5.791930048924746,9.090106831028223,2.879344755635379
Fruits,133.131904046897,35.12354949749816,5.2228918744501,11.773549673331,2.9673679876369405
Fruits,298.49110122691576,0.9733068570549777,5.3706423300882005,53.738998079139165,5.023588268781607
Rice,41.7142307261549,32.786400749644805,0.5539067322995906,10.696321676863477,2.7831122459659876
Fruits,82.73062308123039,9.152066636664,0.2908323247963538,47.705400704155025,3.801666959636469
Milk,128.00713772523937,5.150832547491717,11.70603216669005,52.739845844423,1.9904572756697156
Rice,87.3922071366829,5.569375367888451,0.8745986741113188,9.18453457949262,1.918131077824035
Milk,54.9928312727118,7.457138633678988,10.048620061808734,49.14963334536583,4.275494262645233
Fruits,138.61988857538168,5.7071599751177,0.41927024657879236,10.012890183265382,2.071532689419806
Chicken,53.84060151340952,1.0564408971736925,5.808567784567419,8.082917887430149,2.6468229131685086
Vegetables,43.25243925990503,4.527079174230966,0.3283255334509337,0.0,2.429796781063168
Milk,220.13163121646406,2.0403078602251257,4.831283195194777,19.988403041428683,2.35091319239657
Rice,205.7271096120576,9.044614412603988,0.30480622602490715,8.810242895041718,2.722500746725108
Vegetables,57.6202156899122,24.755438127219502,8.127803439889894,0.0,5.168891027159077
Fruits,90.29154572236871,9.312443151754483,0.33641742931827834,19.033996273958273,2.9830676555194824
Rice,278.0840542258361,1.8754786445913236,4.47255655845351,51.05767145812598,3.7463840177124004
Chicken,273.7176852400732,4.542632053388776,1.134870291899349,18.251449358286077,2.9309267929538176
Chicken,196.1365473390662,2.0919195528193226,0.3019933675248163,9.631198612876256,3.271874436884096
Milk,136.1881118068206,27.447001427448697,0.5199830703069925,11.415271757631833,2.4536527316881926
Rice,82.13541526295656,27.40895026380821,0.816925813214453,0.0,3.1484376584501526
Chicken,285.6349331351733,5.915941248379117,8.301841202645248,0.0,2.1719895901197415
Milk,53.62622028263869,8.620057721983649,4.8249964082094525,12.878466186630455,2.1542381821602614
Chicken,244.30547311340567,31.00292700668216,0.9596129015849588,21.534077260942183,3.569171467028015
Milk,139.61607874497938,9.544588975926272,0.40042849679901055,0.0,4.438584401924857
Milk,197.91978736347,1.0891852914939029,0.4258877247905736,0.0,3.155125052388627
Fruits,210.5684820004491,2.3140867563843734,0.2770579984389136,11.286873358030885,3.218259609366816
Fruits,41.03295356806139,2.0044076297348257,8.51960768668999,19.435615425910395,4.442295550363506
Chicken,43.30436403607869,2.3330993521913106,11.24093251624398,14.06955980546289,3.5398095918197896
Milk,113.24739904102836,27.109475630554122,0.25527507469435023,13.565607560380748,2.7174600930845294
Milk,55.36377279786859,8.145533329663616,0.9124483654354837,11.716967224021513,2.171194787365831
Milk,183.606536064643,8.719359904043475,0.28862494684203455,22.168321936822277,2.808460380558646
Chicken,130.83928178102272,24.29368810501991,10.732218855180326,10.58695951421468,3.7259009448175866
Chicken,117.31886332133763,6.93428727425963,5.117633698975008,10.756728739436824,2.932373697117769
Milk,252.75284550307842,4.735646249425818,4.475019889635678,0.0,2.422153495800404
Chicken,224.98855299404318,0.9429220242870066,8.650075659527689,49.22406444312387,3.397932868583465
Vegetables,232.36345551573132,1.6463626541226852,0.436089481153012,0.0,4.5291059652368695
Vegetables,185.8804411311841,25.04751225470826,0.5154565357715566,21.51510547157869,2.6700401337702897
Rice,51.585980975031745,1.0365246403098285,1.0530591849106041,16.150523808242024,2.731460991283835
Milk,92.65849407829447,2.1716612188263977,1.0681941707726694,0.0,1.8011987788424204
Rice,82.74750348378859,8.605317023567784,10.20799334857158,0.0,4.081035109101997
Chicken,142.61949566241952,0.9281106668154189,0.9885356615470351,23.63943570206473,3.581669400415497
Rice,115.00123231720193,2.0466373128060353,4.3572875339053105,0.0,3.231179253730306
Fruits,208.20143728875925,6.692788431177188,0.2442366538592199,16.594042067818148,4.645635504302515
Vegetables,161.90156606220717,0.9262773229113808,0.35345182002353476,22.60527806424214,3.376085741766472
Vegetables,65.65305169566454,28.83999309533312,0.4806957433678125,20.19141304069857,1.776496699719323
Vegetables,241.3899503511294,8.216119248911292,0.44873503955550736,0.0,3.169230985020817
Fruits,187.33585824079427,2.3740652098978945,11.690783682800651,18.35480101226048,3.245814655664527
Rice,199.56927893203118,27.68871850502061,5.513621202622599,42.791263777868956,4.654934083403371
Fruits,45.13483583757649,30.889603297395382,11.366657407476403,0.0,3.248554996225202
Chicken,82.01819497011601,4.602537841650518,0.48910244839874106,23.546428772053616,5.716101056960254
Vegetables,292.40126019360713,9.5230021210368,5.805665640186292,0.0,1.9378509276225122
Fruits,98.68751923000208,28.38926187287,0.2519473569851292,11.221243109645261,2.9823646445443317
Fruits,123.41828890835711,5.675782687266829,0.40880108012712335,0.0,4.54189731905117
Milk,252.94625192878107,0.9535608175869461,0.2469881832978177,0.0,5.263530057126826
Fruits,177.9122226833712,0.8141399328835837,0.29821700349011965,20.329027585608493,4.091810350438159
Milk,121.43576416691448,1.1374599397396352,0.4320190934232382,8.393199273361184,2.774558245466103
Fruits,46.00565155251732,33.13581604159022,8.653486583289208,19.95451142209523,3.3744939114091883
Fruits,58.56906116845805,1.7052659305268298,10.725980397856818,13.930927479292198,3.2722638701267615
Vegetables,104.17864505791331,4.433157614036522,0.3506441176519994,18.936002371428852,2.252483107787032
Vegetables,46.309743419902546,5.644138508075748,0.4612848291639868,9.925998055538688,1.721707763871914
Fruits,273.88239614601105,5.094769947355994,0.2803140482985135,23.2206129408401,2.0176277731675674
Rice,141.17748054077884,0.9773281619922108,5.432381713330216,0.0,1.9477708949284132
Vegetables,141.73280768954885,1.1863661638171412,11.036417797908054,0.0,2.682003671526828
Chicken,65.72216889852889,4.96984744971804,4.387423043440405,37.306347091098715,1.9232999558290282
Milk,67.48414695561453,0.8725738628561827,11.595421211133468,20.75422331298471,4.092079495490136
Milk,236.2217317221747,4.152728231602908,1.1447922769951275,11.506621890632774,1.691220899058187
Fruits,81.00200449355316,1.624219656806671,8.142147389247409,41.477881018100184,3.68762105690273
Chicken,41.70227056528509,4.51035753610774,4.850845399210932,9.983317694918984,2.289355036286955
Milk,71.62413142086069,31.151580611578137,1.1941640097675492,39.392790717457366,3.1816092507975866
Vegetables,56.35206077814083,6.926684060006405,4.700395040199593,9.911208680757902,2.8453020370244526
Rice,66.6398160870895,0.961483904348592,0.35166704045522745,12.967524975295074,2.1641872084804743
